Godot Engine v4.7.2.stable.official.ed1daf0bf - https://godotengine.org
Vulkan 1.4.351 - Forward+ - Using Device #0: NVIDIA - NVIDIA GeForce RTX 4070 Laptop GPU

MW-022 PASS isolated Game
MW-022 PASS valid local setup
MW-022 PASS long accepted opening
[shell] application=game_active session=ready
MW-022 PASS expected request active
MW-022 PASS expected request active
MW-022 PASS begin player turn
MW-022 PASS durable accepted Narrative
MW-022 PASS expected request active
MW-022 PASS expected request active
MW-022 PASS expected request active
MW-022 PASS populated real People projection
MW-022 PASS Save created through real Shell
MW-022 PASS real navigation visible (960, 540)
MW-022 PASS effective >=20 /root/Main/Margin/Layout/TopBar/TitleBox/Title font_size actual=28
MW-022 PASS effective >=20 /root/Main/Margin/Layout/TopBar/TitleBox/Subtitle font_size actual=20
MW-022 PASS effective >=20 /root/Main/Margin/Layout/TopBar/WorldToggle font_size actual=20
MW-022 PASS effective >=20 /root/Main/Margin/Layout/TopBar/DebugToggle font_size actual=20
MW-022 PASS effective >=20 /root/Main/Margin/Layout/TopBar/ExitButton font_size actual=20
MW-022 PASS effective >=20 /root/Main/Margin/Layout/TopBar/ReturnMenuButton font_size actual=20
MW-022 PASS effective >=20 /root/Main/Margin/Layout/HostLayout/NarrativeHost/NarrativeMargin/NarrativeColumn/NarrativeScroll/EntriesCenter/Entries/@VBoxContainer@117/@HBoxContainer@113/@Label@111 font_size actual=20
MW-022 PASS effective >=20 /root/Main/Margin/Layout/HostLayout/NarrativeHost/NarrativeMargin/NarrativeColumn/NarrativeScroll/EntriesCenter/Entries/@VBoxContainer@117/@HBoxContainer@113/@Label@112 font_size actual=20
MW-022 PASS effective >=20 /root/Main/Margin/Layout/HostLayout/NarrativeHost/NarrativeMargin/NarrativeColumn/NarrativeScroll/EntriesCenter/Entries/@VBoxContainer@117/@RichTextLabel@116 normal_font_size actual=20
MW-022 PASS effective >=20 /root/Main/Margin/Layout/HostLayout/NarrativeHost/NarrativeMargin/NarrativeColumn/NarrativeScroll/EntriesCenter/Entries/@VBoxContainer@117/@RichTextLabel@116 bold_font_size actual=20
MW-022 PASS effective >=20 /root/Main/Margin/Layout/HostLayout/NarrativeHost/NarrativeMargin/NarrativeColumn/NarrativeScroll/EntriesCenter/Entries/@VBoxContainer@117/@RichTextLabel@116 italics_font_size actual=20
MW-022 PASS effective >=20 /root/Main/Margin/Layout/HostLayout/NarrativeHost/NarrativeMargin/NarrativeColumn/NarrativeScroll/EntriesCenter/Entries/@VBoxContainer@117/@RichTextLabel@116 bold_italics_font_size actual=20
MW-022 PASS effective >=20 /root/Main/Margin/Layout/HostLayout/NarrativeHost/NarrativeMargin/NarrativeColumn/NarrativeScroll/EntriesCenter/Entries/@VBoxContainer@117/@RichTextLabel@116 mono_font_size actual=20
MW-022 PASS effective >=20 /root/Main/Margin/Layout/HostLayout/NarrativeHost/NarrativeMargin/NarrativeColumn/NarrativeScroll/EntriesCenter/Entries/@VBoxContainer@161/@Label@157 font_size actual=20
MW-022 PASS effective >=20 /root/Main/Margin/Layout/HostLayout/NarrativeHost/NarrativeMargin/NarrativeColumn/NarrativeScroll/EntriesCenter/Entries/@VBoxContainer@161/@RichTextLabel@160 normal_font_size actual=20
MW-022 PASS effective >=20 /root/Main/Margin/Layout/HostLayout/NarrativeHost/NarrativeMargin/NarrativeColumn/NarrativeScroll/EntriesCenter/Entries/@VBoxContainer@161/@RichTextLabel@160 bold_font_size actual=20
MW-022 PASS effective >=20 /root/Main/Margin/Layout/HostLayout/NarrativeHost/NarrativeMargin/NarrativeColumn/NarrativeScroll/EntriesCenter/Entries/@VBoxContainer@161/@RichTextLabel@160 italics_font_size actual=20
MW-022 PASS effective >=20 /root/Main/Margin/Layout/HostLayout/NarrativeHost/NarrativeMargin/NarrativeColumn/NarrativeScroll/EntriesCenter/Entries/@VBoxContainer@161/@RichTextLabel@160 bold_italics_font_size actual=20
MW-022 PASS effective >=20 /root/Main/Margin/Layout/HostLayout/NarrativeHost/NarrativeMargin/NarrativeColumn/NarrativeScroll/EntriesCenter/Entries/@VBoxContainer@161/@RichTextLabel@160 mono_font_size actual=20
MW-022 PASS effective >=20 /root/Main/Margin/Layout/HostLayout/NarrativeHost/NarrativeMargin/NarrativeColumn/NarrativeScroll/EntriesCenter/Entries/@VBoxContainer@168/@HBoxContainer@164/@Label@162 font_size actual=20
MW-022 PASS effective >=20 /root/Main/Margin/Layout/HostLayout/NarrativeHost/NarrativeMargin/NarrativeColumn/NarrativeScroll/EntriesCenter/Entries/@VBoxContainer@168/@HBoxContainer@164/@Label@163 font_size actual=20
MW-022 PASS effective >=20 /root/Main/Margin/Layout/HostLayout/NarrativeHost/NarrativeMargin/NarrativeColumn/NarrativeScroll/EntriesCenter/Entries/@VBoxContainer@168/@RichTextLabel@167 normal_font_size actual=20
MW-022 PASS effective >=20 /root/Main/Margin/Layout/HostLayout/NarrativeHost/NarrativeMargin/NarrativeColumn/NarrativeScroll/EntriesCenter/Entries/@VBoxContainer@168/@RichTextLabel@167 bold_font_size actual=20
MW-022 PASS effective >=20 /root/Main/Margin/Layout/HostLayout/NarrativeHost/NarrativeMargin/NarrativeColumn/NarrativeScroll/EntriesCenter/Entries/@VBoxContainer@168/@RichTextLabel@167 italics_font_size actual=20
MW-022 PASS effective >=20 /root/Main/Margin/Layout/HostLayout/NarrativeHost/NarrativeMargin/NarrativeColumn/NarrativeScroll/EntriesCenter/Entries/@VBoxContainer@168/@RichTextLabel@167 bold_italics_font_size actual=20
MW-022 PASS effective >=20 /root/Main/Margin/Layout/HostLayout/NarrativeHost/NarrativeMargin/NarrativeColumn/NarrativeScroll/EntriesCenter/Entries/@VBoxContainer@168/@RichTextLabel@167 mono_font_size actual=20
MW-022 PASS effective >=20 /root/Main/Margin/Layout/HostLayout/NarrativeHost/NarrativeMargin/NarrativeColumn/RecommendationArea/RecommendationHeading font_size actual=20
MW-022 PASS effective >=20 /root/Main/Margin/Layout/HostLayout/NarrativeHost/NarrativeMargin/NarrativeColumn/RecommendationArea/RecommendationScroll/RecommendationGrid/@Button@203 font_size actual=20
MW-022 PASS effective >=20 /root/Main/Margin/Layout/HostLayout/NarrativeHost/NarrativeMargin/NarrativeColumn/RecommendationArea/RecommendationScroll/RecommendationGrid/@Button@204 font_size actual=20
MW-022 PASS effective >=20 /root/Main/Margin/Layout/HostLayout/NarrativeHost/NarrativeMargin/NarrativeColumn/RecommendationArea/RecommendationScroll/RecommendationGrid/@Button@205 font_size actual=20
MW-022 PASS effective >=20 /root/Main/Margin/Layout/HostLayout/NarrativeHost/NarrativeMargin/NarrativeColumn/RecommendationArea/RecommendationScroll/RecommendationGrid/@Button@206 font_size actual=20
MW-022 PASS effective >=20 /root/Main/Margin/Layout/HostLayout/NarrativeHost/NarrativeMargin/NarrativeColumn/RecommendationArea/RecommendationScroll/RecommendationGrid/@Button@207 font_size actual=20
MW-022 PASS effective >=20 /root/Main/Margin/Layout/HostLayout/NarrativeHost/NarrativeMargin/NarrativeColumn/ComposerRow/PlayerInput font_size actual=20
MW-022 PASS effective >=20 /root/Main/Margin/Layout/HostLayout/NarrativeHost/NarrativeMargin/NarrativeColumn/ComposerRow/ComposerButtons/SendButton font_size actual=20
MW-022 PASS effective >=20 /root/Main/Margin/Layout/HostLayout/NarrativeHost/NarrativeMargin/NarrativeColumn/ComposerRow/ComposerButtons/CancelButton font_size actual=20
MW-022 PASS effective >=20 /root/Main/Margin/Layout/HostLayout/NarrativeHost/NarrativeMargin/NarrativeColumn/TurnFooter/RegenerateButton font_size actual=20
MW-022 PASS effective >=20 /root/Main/Margin/Layout/HostLayout/WorldSurfaceHost/WorldPanelMargin/WorldPanelColumn/WorldHeader font_size actual=20
MW-022 PASS effective >=20 /root/Main/Margin/Layout/HostLayout/WorldSurfaceHost/WorldPanelMargin/WorldPanelColumn/WorldNav/OverviewTab font_size actual=20
MW-022 PASS effective >=20 /root/Main/Margin/Layout/HostLayout/WorldSurfaceHost/WorldPanelMargin/WorldPanelColumn/WorldNav/CharacterTab font_size actual=20
MW-022 PASS effective >=20 /root/Main/Margin/Layout/HostLayout/WorldSurfaceHost/WorldPanelMargin/WorldPanelColumn/WorldNav/ExperiencesTab font_size actual=20
MW-022 PASS effective >=20 /root/Main/Margin/Layout/HostLayout/WorldSurfaceHost/WorldPanelMargin/WorldPanelColumn/WorldNav/PeopleTab font_size actual=20
MW-022 PASS effective >=20 /root/Main/Margin/Layout/HostLayout/WorldSurfaceHost/WorldPanelMargin/WorldPanelColumn/WorldNav/SaveTab font_size actual=20
MW-022 PASS effective >=20 /root/Main/Margin/Layout/HostLayout/WorldSurfaceHost/WorldPanelMargin/WorldPanelColumn/WorldSurfaceScroll/WorldSurfaceColumn/@VBoxContainer@134/@Label@178 font_size actual=20
MW-022 PASS effective >=20 /root/Main/Margin/Layout/HostLayout/WorldSurfaceHost/WorldPanelMargin/WorldPanelColumn/WorldSurfaceScroll/WorldSurfaceColumn/@VBoxContainer@134/@Label@179 font_size actual=20
MW-022 PASS effective >=20 /root/Main/Margin/Layout/HostLayout/WorldSurfaceHost/WorldPanelMargin/WorldPanelColumn/WorldSurfaceScroll/WorldSurfaceColumn/@VBoxContainer@134/@Label@180 font_size actual=20
MW-022 PASS effective >=20 /root/Main/Margin/Layout/HostLayout/WorldSurfaceHost/WorldPanelMargin/WorldPanelColumn/WorldSurfaceScroll/WorldSurfaceColumn/@VBoxContainer@134/@Label@181 font_size actual=20
MW-022 PASS effective >=20 /root/Main/Margin/Layout/BottomBar/StatusLabel font_size actual=20
LAYOUT 960x540-OverviewTab narrative=[P: (48.0, 108.0), S: (542.0, 92.0)] composer=[P: (48.0, 296.0), S: (462.0, 132.0)]
MW-022 PASS composer and Narrative fit 960x540-OverviewTab
MW-022 PASS accessible nav 960x540-OverviewTabOverviewTab
MW-022 PASS accessible nav 960x540-OverviewTabCharacterTab
MW-022 PASS accessible nav 960x540-OverviewTabExperiencesTab
MW-022 PASS accessible nav 960x540-OverviewTabPeopleTab
MW-022 PASS accessible nav 960x540-OverviewTabSaveTab
MW-022 PASS no horizontal host overflow 960x540-OverviewTab
MW-022 PASS effective >=20 /root/Main/Margin/Layout/TopBar/TitleBox/Title font_size actual=28
MW-022 PASS effective >=20 /root/Main/Margin/Layout/TopBar/TitleBox/Subtitle font_size actual=20
MW-022 PASS effective >=20 /root/Main/Margin/Layout/TopBar/WorldToggle font_size actual=20
MW-022 PASS effective >=20 /root/Main/Margin/Layout/TopBar/DebugToggle font_size actual=20
MW-022 PASS effective >=20 /root/Main/Margin/Layout/TopBar/ExitButton font_size actual=20
MW-022 PASS effective >=20 /root/Main/Margin/Layout/TopBar/ReturnMenuButton font_size actual=20
MW-022 PASS effective >=20 /root/Main/Margin/Layout/HostLayout/NarrativeHost/NarrativeMargin/NarrativeColumn/NarrativeScroll/EntriesCenter/Entries/@VBoxContainer@117/@HBoxContainer@113/@Label@111 font_size actual=20
MW-022 PASS effective >=20 /root/Main/Margin/Layout/HostLayout/NarrativeHost/NarrativeMargin/NarrativeColumn/NarrativeScroll/EntriesCenter/Entries/@VBoxContainer@117/@HBoxContainer@113/@Label@112 font_size actual=20
MW-022 PASS effective >=20 /root/Main/Margin/Layout/HostLayout/NarrativeHost/NarrativeMargin/NarrativeColumn/NarrativeScroll/EntriesCenter/Entries/@VBoxContainer@117/@RichTextLabel@116 normal_font_size actual=20
MW-022 PASS effective >=20 /root/Main/Margin/Layout/HostLayout/NarrativeHost/NarrativeMargin/NarrativeColumn/NarrativeScroll/EntriesCenter/Entries/@VBoxContainer@117/@RichTextLabel@116 bold_font_size actual=20
MW-022 PASS effective >=20 /root/Main/Margin/Layout/HostLayout/NarrativeHost/NarrativeMargin/NarrativeColumn/NarrativeScroll/EntriesCenter/Entries/@VBoxContainer@117/@RichTextLabel@116 italics_font_size actual=20
MW-022 PASS effective >=20 /root/Main/Margin/Layout/HostLayout/NarrativeHost/NarrativeMargin/NarrativeColumn/NarrativeScroll/EntriesCenter/Entries/@VBoxContainer@117/@RichTextLabel@116 bold_italics_font_size actual=20
MW-022 PASS effective >=20 /root/Main/Margin/Layout/HostLayout/NarrativeHost/NarrativeMargin/NarrativeColumn/NarrativeScroll/EntriesCenter/Entries/@VBoxContainer@117/@RichTextLabel@116 mono_font_size actual=20
MW-022 PASS effective >=20 /root/Main/Margin/Layout/HostLayout/NarrativeHost/NarrativeMargin/NarrativeColumn/NarrativeScroll/EntriesCenter/Entries/@VBoxContainer@161/@Label@157 font_size actual=20
MW-022 PASS effective >=20 /root/Main/Margin/Layout/HostLayout/NarrativeHost/NarrativeMargin/NarrativeColumn/NarrativeScroll/EntriesCenter/Entries/@VBoxContainer@161/@RichTextLabel@160 normal_font_size actual=20
MW-022 PASS effective >=20 /root/Main/Margin/Layout/HostLayout/NarrativeHost/NarrativeMargin/NarrativeColumn/NarrativeScroll/EntriesCenter/Entries/@VBoxContainer@161/@RichTextLabel@160 bold_font_size actual=20
MW-022 PASS effective >=20 /root/Main/Margin/Layout/HostLayout/NarrativeHost/NarrativeMargin/NarrativeColumn/NarrativeScroll/EntriesCenter/Entries/@VBoxContainer@161/@RichTextLabel@160 italics_font_size actual=20
MW-022 PASS effective >=20 /root/Main/Margin/Layout/HostLayout/NarrativeHost/NarrativeMargin/NarrativeColumn/NarrativeScroll/EntriesCenter/Entries/@VBoxContainer@161/@RichTextLabel@160 bold_italics_font_size actual=20
MW-022 PASS effective >=20 /root/Main/Margin/Layout/HostLayout/NarrativeHost/NarrativeMargin/NarrativeColumn/NarrativeScroll/EntriesCenter/Entries/@VBoxContainer@161/@RichTextLabel@160 mono_font_size actual=20
MW-022 PASS effective >=20 /root/Main/Margin/Layout/HostLayout/NarrativeHost/NarrativeMargin/NarrativeColumn/NarrativeScroll/EntriesCenter/Entries/@VBoxContainer@168/@HBoxContainer@164/@Label@162 font_size actual=20
MW-022 PASS effective >=20 /root/Main/Margin/Layout/HostLayout/NarrativeHost/NarrativeMargin/NarrativeColumn/NarrativeScroll/EntriesCenter/Entries/@VBoxContainer@168/@HBoxContainer@164/@Label@163 font_size actual=20
MW-022 PASS effective >=20 /root/Main/Margin/Layout/HostLayout/NarrativeHost/NarrativeMargin/NarrativeColumn/NarrativeScroll/EntriesCenter/Entries/@VBoxContainer@168/@RichTextLabel@167 normal_font_size actual=20
MW-022 PASS effective >=20 /root/Main/Margin/Layout/HostLayout/NarrativeHost/NarrativeMargin/NarrativeColumn/NarrativeScroll/EntriesCenter/Entries/@VBoxContainer@168/@RichTextLabel@167 bold_font_size actual=20
MW-022 PASS effective >=20 /root/Main/Margin/Layout/HostLayout/NarrativeHost/NarrativeMargin/NarrativeColumn/NarrativeScroll/EntriesCenter/Entries/@VBoxContainer@168/@RichTextLabel@167 italics_font_size actual=20
MW-022 PASS effective >=20 /root/Main/Margin/Layout/HostLayout/NarrativeHost/NarrativeMargin/NarrativeColumn/NarrativeScroll/EntriesCenter/Entries/@VBoxContainer@168/@RichTextLabel@167 bold_italics_font_size actual=20
MW-022 PASS effective >=20 /root/Main/Margin/Layout/HostLayout/NarrativeHost/NarrativeMargin/NarrativeColumn/NarrativeScroll/EntriesCenter/Entries/@VBoxContainer@168/@RichTextLabel@167 mono_font_size actual=20
MW-022 PASS effective >=20 /root/Main/Margin/Layout/HostLayout/NarrativeHost/NarrativeMargin/NarrativeColumn/RecommendationArea/RecommendationHeading font_size actual=20
MW-022 PASS effective >=20 /root/Main/Margin/Layout/HostLayout/NarrativeHost/NarrativeMargin/NarrativeColumn/RecommendationArea/RecommendationScroll/RecommendationGrid/@Button@203 font_size actual=20
MW-022 PASS effective >=20 /root/Main/Margin/Layout/HostLayout/NarrativeHost/NarrativeMargin/NarrativeColumn/RecommendationArea/RecommendationScroll/RecommendationGrid/@Button@204 font_size actual=20
MW-022 PASS effective >=20 /root/Main/Margin/Layout/HostLayout/NarrativeHost/NarrativeMargin/NarrativeColumn/RecommendationArea/RecommendationScroll/RecommendationGrid/@Button@205 font_size actual=20
MW-022 PASS effective >=20 /root/Main/Margin/Layout/HostLayout/NarrativeHost/NarrativeMargin/NarrativeColumn/RecommendationArea/RecommendationScroll/RecommendationGrid/@Button@206 font_size actual=20
MW-022 PASS effective >=20 /root/Main/Margin/Layout/HostLayout/NarrativeHost/NarrativeMargin/NarrativeColumn/RecommendationArea/RecommendationScroll/RecommendationGrid/@Button@207 font_size actual=20
MW-022 PASS effective >=20 /root/Main/Margin/Layout/HostLayout/NarrativeHost/NarrativeMargin/NarrativeColumn/ComposerRow/PlayerInput font_size actual=20
MW-022 PASS effective >=20 /root/Main/Margin/Layout/HostLayout/NarrativeHost/NarrativeMargin/NarrativeColumn/ComposerRow/ComposerButtons/SendButton font_size actual=20
MW-022 PASS effective >=20 /root/Main/Margin/Layout/HostLayout/NarrativeHost/NarrativeMargin/NarrativeColumn/ComposerRow/ComposerButtons/CancelButton font_size actual=20
MW-022 PASS effective >=20 /root/Main/Margin/Layout/HostLayout/NarrativeHost/NarrativeMargin/NarrativeColumn/TurnFooter/RegenerateButton font_size actual=20
MW-022 PASS effective >=20 /root/Main/Margin/Layout/HostLayout/WorldSurfaceHost/WorldPanelMargin/WorldPanelColumn/WorldHeader font_size actual=20
MW-022 PASS effective >=20 /root/Main/Margin/Layout/HostLayout/WorldSurfaceHost/WorldPanelMargin/WorldPanelColumn/WorldNav/OverviewTab font_size actual=20
MW-022 PASS effective >=20 /root/Main/Margin/Layout/HostLayout/WorldSurfaceHost/WorldPanelMargin/WorldPanelColumn/WorldNav/CharacterTab font_size actual=20
MW-022 PASS effective >=20 /root/Main/Margin/Layout/HostLayout/WorldSurfaceHost/WorldPanelMargin/WorldPanelColumn/WorldNav/ExperiencesTab font_size actual=20
MW-022 PASS effective >=20 /root/Main/Margin/Layout/HostLayout/WorldSurfaceHost/WorldPanelMargin/WorldPanelColumn/WorldNav/PeopleTab font_size actual=20
MW-022 PASS effective >=20 /root/Main/Margin/Layout/HostLayout/WorldSurfaceHost/WorldPanelMargin/WorldPanelColumn/WorldNav/SaveTab font_size actual=20
MW-022 PASS effective >=20 /root/Main/Margin/Layout/HostLayout/WorldSurfaceHost/WorldPanelMargin/WorldPanelColumn/WorldSurfaceScroll/WorldSurfaceColumn/@VBoxContainer@139/@Label@188 font_size actual=20
MW-022 PASS effective >=20 /root/Main/Margin/Layout/HostLayout/WorldSurfaceHost/WorldPanelMargin/WorldPanelColumn/WorldSurfaceScroll/WorldSurfaceColumn/@VBoxContainer@139/@Label@189 font_size actual=20
MW-022 PASS effective >=20 /root/Main/Margin/Layout/HostLayout/WorldSurfaceHost/WorldPanelMargin/WorldPanelColumn/WorldSurfaceScroll/WorldSurfaceColumn/@VBoxContainer@139/@Label@190 font_size actual=20
MW-022 PASS effective >=20 /root/Main/Margin/Layout/HostLayout/WorldSurfaceHost/WorldPanelMargin/WorldPanelColumn/WorldSurfaceScroll/WorldSurfaceColumn/@VBoxContainer@139/@Label@191 font_size actual=20
MW-022 PASS effective >=20 /root/Main/Margin/Layout/BottomBar/StatusLabel font_size actual=20
LAYOUT 960x540-CharacterTab narrative=[P: (48.0, 108.0), S: (542.0, 92.0)] composer=[P: (48.0, 296.0), S: (462.0, 132.0)]
MW-022 PASS composer and Narrative fit 960x540-CharacterTab
MW-022 PASS accessible nav 960x540-CharacterTabOverviewTab
MW-022 PASS accessible nav 960x540-CharacterTabCharacterTab
MW-022 PASS accessible nav 960x540-CharacterTabExperiencesTab
MW-022 PASS accessible nav 960x540-CharacterTabPeopleTab
MW-022 PASS accessible nav 960x540-CharacterTabSaveTab
MW-022 PASS no horizontal host overflow 960x540-CharacterTab
MW-022 PASS overflow has draggable scrollbar 960x540-CharacterTab
MW-022 PASS right content scroll reaches lower rows 960x540-CharacterTab
MW-022 PASS scrollbar never covers right-side text 960x540-CharacterTab
MW-022 PASS effective >=20 /root/Main/Margin/Layout/TopBar/TitleBox/Title font_size actual=28
MW-022 PASS effective >=20 /root/Main/Margin/Layout/TopBar/TitleBox/Subtitle font_size actual=20
MW-022 PASS effective >=20 /root/Main/Margin/Layout/TopBar/WorldToggle font_size actual=20
MW-022 PASS effective >=20 /root/Main/Margin/Layout/TopBar/DebugToggle font_size actual=20
MW-022 PASS effective >=20 /root/Main/Margin/Layout/TopBar/ExitButton font_size actual=20
MW-022 PASS effective >=20 /root/Main/Margin/Layout/TopBar/ReturnMenuButton font_size actual=20
MW-022 PASS effective >=20 /root/Main/Margin/Layout/HostLayout/NarrativeHost/NarrativeMargin/NarrativeColumn/NarrativeScroll/EntriesCenter/Entries/@VBoxContainer@117/@HBoxContainer@113/@Label@111 font_size actual=20
MW-022 PASS effective >=20 /root/Main/Margin/Layout/HostLayout/NarrativeHost/NarrativeMargin/NarrativeColumn/NarrativeScroll/EntriesCenter/Entries/@VBoxContainer@117/@HBoxContainer@113/@Label@112 font_size actual=20
MW-022 PASS effective >=20 /root/Main/Margin/Layout/HostLayout/NarrativeHost/NarrativeMargin/NarrativeColumn/NarrativeScroll/EntriesCenter/Entries/@VBoxContainer@117/@RichTextLabel@116 normal_font_size actual=20
MW-022 PASS effective >=20 /root/Main/Margin/Layout/HostLayout/NarrativeHost/NarrativeMargin/NarrativeColumn/NarrativeScroll/EntriesCenter/Entries/@VBoxContainer@117/@RichTextLabel@116 bold_font_size actual=20
MW-022 PASS effective >=20 /root/Main/Margin/Layout/HostLayout/NarrativeHost/NarrativeMargin/NarrativeColumn/NarrativeScroll/EntriesCenter/Entries/@VBoxContainer@117/@RichTextLabel@116 italics_font_size actual=20
MW-022 PASS effective >=20 /root/Main/Margin/Layout/HostLayout/NarrativeHost/NarrativeMargin/NarrativeColumn/NarrativeScroll/EntriesCenter/Entries/@VBoxContainer@117/@RichTextLabel@116 bold_italics_font_size actual=20
MW-022 PASS effective >=20 /root/Main/Margin/Layout/HostLayout/NarrativeHost/NarrativeMargin/NarrativeColumn/NarrativeScroll/EntriesCenter/Entries/@VBoxContainer@117/@RichTextLabel@116 mono_font_size actual=20
MW-022 PASS effective >=20 /root/Main/Margin/Layout/HostLayout/NarrativeHost/NarrativeMargin/NarrativeColumn/NarrativeScroll/EntriesCenter/Entries/@VBoxContainer@161/@Label@157 font_size actual=20
MW-022 PASS effective >=20 /root/Main/Margin/Layout/HostLayout/NarrativeHost/NarrativeMargin/NarrativeColumn/NarrativeScroll/EntriesCenter/Entries/@VBoxContainer@161/@RichTextLabel@160 normal_font_size actual=20
MW-022 PASS effective >=20 /root/Main/Margin/Layout/HostLayout/NarrativeHost/NarrativeMargin/NarrativeColumn/NarrativeScroll/EntriesCenter/Entries/@VBoxContainer@161/@RichTextLabel@160 bold_font_size actual=20
MW-022 PASS effective >=20 /root/Main/Margin/Layout/HostLayout/NarrativeHost/NarrativeMargin/NarrativeColumn/NarrativeScroll/EntriesCenter/Entries/@VBoxContainer@161/@RichTextLabel@160 italics_font_size actual=20
MW-022 PASS effective >=20 /root/Main/Margin/Layout/HostLayout/NarrativeHost/NarrativeMargin/NarrativeColumn/NarrativeScroll/EntriesCenter/Entries/@VBoxContainer@161/@RichTextLabel@160 bold_italics_font_size actual=20
MW-022 PASS effective >=20 /root/Main/Margin/Layout/HostLayout/NarrativeHost/NarrativeMargin/NarrativeColumn/NarrativeScroll/EntriesCenter/Entries/@VBoxContainer@161/@RichTextLabel@160 mono_font_size actual=20
MW-022 PASS effective >=20 /root/Main/Margin/Layout/HostLayout/NarrativeHost/NarrativeMargin/NarrativeColumn/NarrativeScroll/EntriesCenter/Entries/@VBoxContainer@168/@HBoxContainer@164/@Label@162 font_size actual=20
MW-022 PASS effective >=20 /root/Main/Margin/Layout/HostLayout/NarrativeHost/NarrativeMargin/NarrativeColumn/NarrativeScroll/EntriesCenter/Entries/@VBoxContainer@168/@HBoxContainer@164/@Label@163 font_size actual=20
MW-022 PASS effective >=20 /root/Main/Margin/Layout/HostLayout/NarrativeHost/NarrativeMargin/NarrativeColumn/NarrativeScroll/EntriesCenter/Entries/@VBoxContainer@168/@RichTextLabel@167 normal_font_size actual=20
MW-022 PASS effective >=20 /root/Main/Margin/Layout/HostLayout/NarrativeHost/NarrativeMargin/NarrativeColumn/NarrativeScroll/EntriesCenter/Entries/@VBoxContainer@168/@RichTextLabel@167 bold_font_size actual=20
MW-022 PASS effective >=20 /root/Main/Margin/Layout/HostLayout/NarrativeHost/NarrativeMargin/NarrativeColumn/NarrativeScroll/EntriesCenter/Entries/@VBoxContainer@168/@RichTextLabel@167 italics_font_size actual=20
MW-022 PASS effective >=20 /root/Main/Margin/Layout/HostLayout/NarrativeHost/NarrativeMargin/NarrativeColumn/NarrativeScroll/EntriesCenter/Entries/@VBoxContainer@168/@RichTextLabel@167 bold_italics_font_size actual=20
MW-022 PASS effective >=20 /root/Main/Margin/Layout/HostLayout/NarrativeHost/NarrativeMargin/NarrativeColumn/NarrativeScroll/EntriesCenter/Entries/@VBoxContainer@168/@RichTextLabel@167 mono_font_size actual=20
MW-022 PASS effective >=20 /root/Main/Margin/Layout/HostLayout/NarrativeHost/NarrativeMargin/NarrativeColumn/RecommendationArea/RecommendationHeading font_size actual=20
MW-022 PASS effective >=20 /root/Main/Margin/Layout/HostLayout/NarrativeHost/NarrativeMargin/NarrativeColumn/RecommendationArea/RecommendationScroll/RecommendationGrid/@Button@203 font_size actual=20
MW-022 PASS effective >=20 /root/Main/Margin/Layout/HostLayout/NarrativeHost/NarrativeMargin/NarrativeColumn/RecommendationArea/RecommendationScroll/RecommendationGrid/@Button@204 font_size actual=20
MW-022 PASS effective >=20 /root/Main/Margin/Layout/HostLayout/NarrativeHost/NarrativeMargin/NarrativeColumn/RecommendationArea/RecommendationScroll/RecommendationGrid/@Button@205 font_size actual=20
MW-022 PASS effective >=20 /root/Main/Margin/Layout/HostLayout/NarrativeHost/NarrativeMargin/NarrativeColumn/RecommendationArea/RecommendationScroll/RecommendationGrid/@Button@206 font_size actual=20
MW-022 PASS effective >=20 /root/Main/Margin/Layout/HostLayout/NarrativeHost/NarrativeMargin/NarrativeColumn/RecommendationArea/RecommendationScroll/RecommendationGrid/@Button@207 font_size actual=20
MW-022 PASS effective >=20 /root/Main/Margin/Layout/HostLayout/NarrativeHost/NarrativeMargin/NarrativeColumn/ComposerRow/PlayerInput font_size actual=20
MW-022 PASS effective >=20 /root/Main/Margin/Layout/HostLayout/NarrativeHost/NarrativeMargin/NarrativeColumn/ComposerRow/ComposerButtons/SendButton font_size actual=20
MW-022 PASS effective >=20 /root/Main/Margin/Layout/HostLayout/NarrativeHost/NarrativeMargin/NarrativeColumn/ComposerRow/ComposerButtons/CancelButton font_size actual=20
MW-022 PASS effective >=20 /root/Main/Margin/Layout/HostLayout/NarrativeHost/NarrativeMargin/NarrativeColumn/TurnFooter/RegenerateButton font_size actual=20
MW-022 PASS effective >=20 /root/Main/Margin/Layout/HostLayout/WorldSurfaceHost/WorldPanelMargin/WorldPanelColumn/WorldHeader font_size actual=20
MW-022 PASS effective >=20 /root/Main/Margin/Layout/HostLayout/WorldSurfaceHost/WorldPanelMargin/WorldPanelColumn/WorldNav/OverviewTab font_size actual=20
MW-022 PASS effective >=20 /root/Main/Margin/Layout/HostLayout/WorldSurfaceHost/WorldPanelMargin/WorldPanelColumn/WorldNav/CharacterTab font_size actual=20
MW-022 PASS effective >=20 /root/Main/Margin/Layout/HostLayout/WorldSurfaceHost/WorldPanelMargin/WorldPanelColumn/WorldNav/ExperiencesTab font_size actual=20
MW-022 PASS effective >=20 /root/Main/Margin/Layout/HostLayout/WorldSurfaceHost/WorldPanelMargin/WorldPanelColumn/WorldNav/PeopleTab font_size actual=20
MW-022 PASS effective >=20 /root/Main/Margin/Layout/HostLayout/WorldSurfaceHost/WorldPanelMargin/WorldPanelColumn/WorldNav/SaveTab font_size actual=20
MW-022 PASS effective >=20 /root/Main/Margin/Layout/HostLayout/WorldSurfaceHost/WorldPanelMargin/WorldPanelColumn/WorldSurfaceScroll/WorldSurfaceColumn/@VBoxContainer@143/@Label@192 font_size actual=20
MW-022 PASS effective >=20 /root/Main/Margin/Layout/HostLayout/WorldSurfaceHost/WorldPanelMargin/WorldPanelColumn/WorldSurfaceScroll/WorldSurfaceColumn/@VBoxContainer@143/@Label@193 font_size actual=20
MW-022 PASS effective >=20 /root/Main/Margin/Layout/BottomBar/StatusLabel font_size actual=20
LAYOUT 960x540-ExperiencesTab narrative=[P: (48.0, 108.0), S: (542.0, 92.0)] composer=[P: (48.0, 296.0), S: (462.0, 132.0)]
MW-022 PASS composer and Narrative fit 960x540-ExperiencesTab
MW-022 PASS accessible nav 960x540-ExperiencesTabOverviewTab
MW-022 PASS accessible nav 960x540-ExperiencesTabCharacterTab
MW-022 PASS accessible nav 960x540-ExperiencesTabExperiencesTab
MW-022 PASS accessible nav 960x540-ExperiencesTabPeopleTab
MW-022 PASS accessible nav 960x540-ExperiencesTabSaveTab
MW-022 PASS no horizontal host overflow 960x540-ExperiencesTab
MW-022 PASS overflow has draggable scrollbar 960x540-ExperiencesTab
MW-022 PASS right content scroll reaches lower rows 960x540-ExperiencesTab
MW-022 PASS scrollbar never covers right-side text 960x540-ExperiencesTab
MW-022 PASS effective >=20 /root/Main/Margin/Layout/TopBar/TitleBox/Title font_size actual=28
MW-022 PASS effective >=20 /root/Main/Margin/Layout/TopBar/TitleBox/Subtitle font_size actual=20
MW-022 PASS effective >=20 /root/Main/Margin/Layout/TopBar/WorldToggle font_size actual=20
MW-022 PASS effective >=20 /root/Main/Margin/Layout/TopBar/DebugToggle font_size actual=20
MW-022 PASS effective >=20 /root/Main/Margin/Layout/TopBar/ExitButton font_size actual=20
MW-022 PASS effective >=20 /root/Main/Margin/Layout/TopBar/ReturnMenuButton font_size actual=20
MW-022 PASS effective >=20 /root/Main/Margin/Layout/HostLayout/NarrativeHost/NarrativeMargin/NarrativeColumn/NarrativeScroll/EntriesCenter/Entries/@VBoxContainer@117/@HBoxContainer@113/@Label@111 font_size actual=20
MW-022 PASS effective >=20 /root/Main/Margin/Layout/HostLayout/NarrativeHost/NarrativeMargin/NarrativeColumn/NarrativeScroll/EntriesCenter/Entries/@VBoxContainer@117/@HBoxContainer@113/@Label@112 font_size actual=20
MW-022 PASS effective >=20 /root/Main/Margin/Layout/HostLayout/NarrativeHost/NarrativeMargin/NarrativeColumn/NarrativeScroll/EntriesCenter/Entries/@VBoxContainer@117/@RichTextLabel@116 normal_font_size actual=20
MW-022 PASS effective >=20 /root/Main/Margin/Layout/HostLayout/NarrativeHost/NarrativeMargin/NarrativeColumn/NarrativeScroll/EntriesCenter/Entries/@VBoxContainer@117/@RichTextLabel@116 bold_font_size actual=20
MW-022 PASS effective >=20 /root/Main/Margin/Layout/HostLayout/NarrativeHost/NarrativeMargin/NarrativeColumn/NarrativeScroll/EntriesCenter/Entries/@VBoxContainer@117/@RichTextLabel@116 italics_font_size actual=20
MW-022 PASS effective >=20 /root/Main/Margin/Layout/HostLayout/NarrativeHost/NarrativeMargin/NarrativeColumn/NarrativeScroll/EntriesCenter/Entries/@VBoxContainer@117/@RichTextLabel@116 bold_italics_font_size actual=20
MW-022 PASS effective >=20 /root/Main/Margin/Layout/HostLayout/NarrativeHost/NarrativeMargin/NarrativeColumn/NarrativeScroll/EntriesCenter/Entries/@VBoxContainer@117/@RichTextLabel@116 mono_font_size actual=20
MW-022 PASS effective >=20 /root/Main/Margin/Layout/HostLayout/NarrativeHost/NarrativeMargin/NarrativeColumn/NarrativeScroll/EntriesCenter/Entries/@VBoxContainer@161/@Label@157 font_size actual=20
MW-022 PASS effective >=20 /root/Main/Margin/Layout/HostLayout/NarrativeHost/NarrativeMargin/NarrativeColumn/NarrativeScroll/EntriesCenter/Entries/@VBoxContainer@161/@RichTextLabel@160 normal_font_size actual=20
MW-022 PASS effective >=20 /root/Main/Margin/Layout/HostLayout/NarrativeHost/NarrativeMargin/NarrativeColumn/NarrativeScroll/EntriesCenter/Entries/@VBoxContainer@161/@RichTextLabel@160 bold_font_size actual=20
MW-022 PASS effective >=20 /root/Main/Margin/Layout/HostLayout/NarrativeHost/NarrativeMargin/NarrativeColumn/NarrativeScroll/EntriesCenter/Entries/@VBoxContainer@161/@RichTextLabel@160 italics_font_size actual=20
MW-022 PASS effective >=20 /root/Main/Margin/Layout/HostLayout/NarrativeHost/NarrativeMargin/NarrativeColumn/NarrativeScroll/EntriesCenter/Entries/@VBoxContainer@161/@RichTextLabel@160 bold_italics_font_size actual=20
MW-022 PASS effective >=20 /root/Main/Margin/Layout/HostLayout/NarrativeHost/NarrativeMargin/NarrativeColumn/NarrativeScroll/EntriesCenter/Entries/@VBoxContainer@161/@RichTextLabel@160 mono_font_size actual=20
MW-022 PASS effective >=20 /root/Main/Margin/Layout/HostLayout/NarrativeHost/NarrativeMargin/NarrativeColumn/NarrativeScroll/EntriesCenter/Entries/@VBoxContainer@168/@HBoxContainer@164/@Label@162 font_size actual=20
MW-022 PASS effective >=20 /root/Main/Margin/Layout/HostLayout/NarrativeHost/NarrativeMargin/NarrativeColumn/NarrativeScroll/EntriesCenter/Entries/@VBoxContainer@168/@HBoxContainer@164/@Label@163 font_size actual=20
MW-022 PASS effective >=20 /root/Main/Margin/Layout/HostLayout/NarrativeHost/NarrativeMargin/NarrativeColumn/NarrativeScroll/EntriesCenter/Entries/@VBoxContainer@168/@RichTextLabel@167 normal_font_size actual=20
MW-022 PASS effective >=20 /root/Main/Margin/Layout/HostLayout/NarrativeHost/NarrativeMargin/NarrativeColumn/NarrativeScroll/EntriesCenter/Entries/@VBoxContainer@168/@RichTextLabel@167 bold_font_size actual=20
MW-022 PASS effective >=20 /root/Main/Margin/Layout/HostLayout/NarrativeHost/NarrativeMargin/NarrativeColumn/NarrativeScroll/EntriesCenter/Entries/@VBoxContainer@168/@RichTextLabel@167 italics_font_size actual=20
MW-022 PASS effective >=20 /root/Main/Margin/Layout/HostLayout/NarrativeHost/NarrativeMargin/NarrativeColumn/NarrativeScroll/EntriesCenter/Entries/@VBoxContainer@168/@RichTextLabel@167 bold_italics_font_size actual=20
MW-022 PASS effective >=20 /root/Main/Margin/Layout/HostLayout/NarrativeHost/NarrativeMargin/NarrativeColumn/NarrativeScroll/EntriesCenter/Entries/@VBoxContainer@168/@RichTextLabel@167 mono_font_size actual=20
MW-022 PASS effective >=20 /root/Main/Margin/Layout/HostLayout/NarrativeHost/NarrativeMargin/NarrativeColumn/RecommendationArea/RecommendationHeading font_size actual=20
MW-022 PASS effective >=20 /root/Main/Margin/Layout/HostLayout/NarrativeHost/NarrativeMargin/NarrativeColumn/RecommendationArea/RecommendationScroll/RecommendationGrid/@Button@203 font_size actual=20
MW-022 PASS effective >=20 /root/Main/Margin/Layout/HostLayout/NarrativeHost/NarrativeMargin/NarrativeColumn/RecommendationArea/RecommendationScroll/RecommendationGrid/@Button@204 font_size actual=20
MW-022 PASS effective >=20 /root/Main/Margin/Layout/HostLayout/NarrativeHost/NarrativeMargin/NarrativeColumn/RecommendationArea/RecommendationScroll/RecommendationGrid/@Button@205 font_size actual=20
MW-022 PASS effective >=20 /root/Main/Margin/Layout/HostLayout/NarrativeHost/NarrativeMargin/NarrativeColumn/RecommendationArea/RecommendationScroll/RecommendationGrid/@Button@206 font_size actual=20
MW-022 PASS effective >=20 /root/Main/Margin/Layout/HostLayout/NarrativeHost/NarrativeMargin/NarrativeColumn/RecommendationArea/RecommendationScroll/RecommendationGrid/@Button@207 font_size actual=20
MW-022 PASS effective >=20 /root/Main/Margin/Layout/HostLayout/NarrativeHost/NarrativeMargin/NarrativeColumn/ComposerRow/PlayerInput font_size actual=20
MW-022 PASS effective >=20 /root/Main/Margin/Layout/HostLayout/NarrativeHost/NarrativeMargin/NarrativeColumn/ComposerRow/ComposerButtons/SendButton font_size actual=20
MW-022 PASS effective >=20 /root/Main/Margin/Layout/HostLayout/NarrativeHost/NarrativeMargin/NarrativeColumn/ComposerRow/ComposerButtons/CancelButton font_size actual=20
MW-022 PASS effective >=20 /root/Main/Margin/Layout/HostLayout/NarrativeHost/NarrativeMargin/NarrativeColumn/TurnFooter/RegenerateButton font_size actual=20
MW-022 PASS effective >=20 /root/Main/Margin/Layout/HostLayout/WorldSurfaceHost/WorldPanelMargin/WorldPanelColumn/WorldHeader font_size actual=20
MW-022 PASS effective >=20 /root/Main/Margin/Layout/HostLayout/WorldSurfaceHost/WorldPanelMargin/WorldPanelColumn/WorldNav/OverviewTab font_size actual=20
MW-022 PASS effective >=20 /root/Main/Margin/Layout/HostLayout/WorldSurfaceHost/WorldPanelMargin/WorldPanelColumn/WorldNav/CharacterTab font_size actual=20
MW-022 PASS effective >=20 /root/Main/Margin/Layout/HostLayout/WorldSurfaceHost/WorldPanelMargin/WorldPanelColumn/WorldNav/ExperiencesTab font_size actual=20
MW-022 PASS effective >=20 /root/Main/Margin/Layout/HostLayout/WorldSurfaceHost/WorldPanelMargin/WorldPanelColumn/WorldNav/PeopleTab font_size actual=20
MW-022 PASS effective >=20 /root/Main/Margin/Layout/HostLayout/WorldSurfaceHost/WorldPanelMargin/WorldPanelColumn/WorldNav/SaveTab font_size actual=20
MW-022 PASS effective >=20 /root/Main/Margin/Layout/HostLayout/WorldSurfaceHost/WorldPanelMargin/WorldPanelColumn/WorldSurfaceScroll/WorldSurfaceColumn/@VBoxContainer@145/@PanelContainer@194/@MarginContainer@195/@VBoxContainer@196/@Button@197 font_size actual=20
MW-022 PASS effective >=20 /root/Main/Margin/Layout/HostLayout/WorldSurfaceHost/WorldPanelMargin/WorldPanelColumn/WorldSurfaceScroll/WorldSurfaceColumn/@VBoxContainer@145/@PanelContainer@194/@MarginContainer@195/@VBoxContainer@196/@Label@198 font_size actual=20
MW-022 PASS effective >=20 /root/Main/Margin/Layout/HostLayout/WorldSurfaceHost/WorldPanelMargin/WorldPanelColumn/WorldSurfaceScroll/WorldSurfaceColumn/@VBoxContainer@145/@PanelContainer@194/@MarginContainer@195/@VBoxContainer@196/@VBoxContainer@199/@Label@200 font_size actual=20
MW-022 PASS effective >=20 /root/Main/Margin/Layout/HostLayout/WorldSurfaceHost/WorldPanelMargin/WorldPanelColumn/WorldSurfaceScroll/WorldSurfaceColumn/@VBoxContainer@145/@PanelContainer@194/@MarginContainer@195/@VBoxContainer@196/@VBoxContainer@199/@Label@201 font_size actual=20
MW-022 PASS effective >=20 /root/Main/Margin/Layout/HostLayout/WorldSurfaceHost/WorldPanelMargin/WorldPanelColumn/WorldSurfaceScroll/WorldSurfaceColumn/@VBoxContainer@145/@PanelContainer@194/@MarginContainer@195/@VBoxContainer@196/@VBoxContainer@199/@Label@202 font_size actual=20
MW-022 PASS effective >=20 /root/Main/Margin/Layout/BottomBar/StatusLabel font_size actual=20
LAYOUT 960x540-PeopleTab narrative=[P: (48.0, 108.0), S: (542.0, 92.0)] composer=[P: (48.0, 296.0), S: (462.0, 132.0)]
MW-022 PASS composer and Narrative fit 960x540-PeopleTab
MW-022 PASS accessible nav 960x540-PeopleTabOverviewTab
MW-022 PASS accessible nav 960x540-PeopleTabCharacterTab
MW-022 PASS accessible nav 960x540-PeopleTabExperiencesTab
MW-022 PASS accessible nav 960x540-PeopleTabPeopleTab
MW-022 PASS accessible nav 960x540-PeopleTabSaveTab
MW-022 PASS no horizontal host overflow 960x540-PeopleTab
MW-022 PASS overflow has draggable scrollbar 960x540-PeopleTab
MW-022 PASS right content scroll reaches lower rows 960x540-PeopleTab
MW-022 PASS scrollbar never covers right-side text 960x540-PeopleTab
MW-022 PASS effective >=20 /root/Main/Margin/Layout/TopBar/TitleBox/Title font_size actual=28
MW-022 PASS effective >=20 /root/Main/Margin/Layout/TopBar/TitleBox/Subtitle font_size actual=20
MW-022 PASS effective >=20 /root/Main/Margin/Layout/TopBar/WorldToggle font_size actual=20
MW-022 PASS effective >=20 /root/Main/Margin/Layout/TopBar/DebugToggle font_size actual=20
MW-022 PASS effective >=20 /root/Main/Margin/Layout/TopBar/ExitButton font_size actual=20
MW-022 PASS effective >=20 /root/Main/Margin/Layout/TopBar/ReturnMenuButton font_size actual=20
MW-022 PASS effective >=20 /root/Main/Margin/Layout/HostLayout/NarrativeHost/NarrativeMargin/NarrativeColumn/NarrativeScroll/EntriesCenter/Entries/@VBoxContainer@117/@HBoxContainer@113/@Label@111 font_size actual=20
MW-022 PASS effective >=20 /root/Main/Margin/Layout/HostLayout/NarrativeHost/NarrativeMargin/NarrativeColumn/NarrativeScroll/EntriesCenter/Entries/@VBoxContainer@117/@HBoxContainer@113/@Label@112 font_size actual=20
MW-022 PASS effective >=20 /root/Main/Margin/Layout/HostLayout/NarrativeHost/NarrativeMargin/NarrativeColumn/NarrativeScroll/EntriesCenter/Entries/@VBoxContainer@117/@RichTextLabel@116 normal_font_size actual=20
MW-022 PASS effective >=20 /root/Main/Margin/Layout/HostLayout/NarrativeHost/NarrativeMargin/NarrativeColumn/NarrativeScroll/EntriesCenter/Entries/@VBoxContainer@117/@RichTextLabel@116 bold_font_size actual=20
MW-022 PASS effective >=20 /root/Main/Margin/Layout/HostLayout/NarrativeHost/NarrativeMargin/NarrativeColumn/NarrativeScroll/EntriesCenter/Entries/@VBoxContainer@117/@RichTextLabel@116 italics_font_size actual=20
MW-022 PASS effective >=20 /root/Main/Margin/Layout/HostLayout/NarrativeHost/NarrativeMargin/NarrativeColumn/NarrativeScroll/EntriesCenter/Entries/@VBoxContainer@117/@RichTextLabel@116 bold_italics_font_size actual=20
MW-022 PASS effective >=20 /root/Main/Margin/Layout/HostLayout/NarrativeHost/NarrativeMargin/NarrativeColumn/NarrativeScroll/EntriesCenter/Entries/@VBoxContainer@117/@RichTextLabel@116 mono_font_size actual=20
MW-022 PASS effective >=20 /root/Main/Margin/Layout/HostLayout/NarrativeHost/NarrativeMargin/NarrativeColumn/NarrativeScroll/EntriesCenter/Entries/@VBoxContainer@161/@Label@157 font_size actual=20
MW-022 PASS effective >=20 /root/Main/Margin/Layout/HostLayout/NarrativeHost/NarrativeMargin/NarrativeColumn/NarrativeScroll/EntriesCenter/Entries/@VBoxContainer@161/@RichTextLabel@160 normal_font_size actual=20
MW-022 PASS effective >=20 /root/Main/Margin/Layout/HostLayout/NarrativeHost/NarrativeMargin/NarrativeColumn/NarrativeScroll/EntriesCenter/Entries/@VBoxContainer@161/@RichTextLabel@160 bold_font_size actual=20
MW-022 PASS effective >=20 /root/Main/Margin/Layout/HostLayout/NarrativeHost/NarrativeMargin/NarrativeColumn/NarrativeScroll/EntriesCenter/Entries/@VBoxContainer@161/@RichTextLabel@160 italics_font_size actual=20
MW-022 PASS effective >=20 /root/Main/Margin/Layout/HostLayout/NarrativeHost/NarrativeMargin/NarrativeColumn/NarrativeScroll/EntriesCenter/Entries/@VBoxContainer@161/@RichTextLabel@160 bold_italics_font_size actual=20
MW-022 PASS effective >=20 /root/Main/Margin/Layout/HostLayout/NarrativeHost/NarrativeMargin/NarrativeColumn/NarrativeScroll/EntriesCenter/Entries/@VBoxContainer@161/@RichTextLabel@160 mono_font_size actual=20
MW-022 PASS effective >=20 /root/Main/Margin/Layout/HostLayout/NarrativeHost/NarrativeMargin/NarrativeColumn/NarrativeScroll/EntriesCenter/Entries/@VBoxContainer@168/@HBoxContainer@164/@Label@162 font_size actual=20
MW-022 PASS effective >=20 /root/Main/Margin/Layout/HostLayout/NarrativeHost/NarrativeMargin/NarrativeColumn/NarrativeScroll/EntriesCenter/Entries/@VBoxContainer@168/@HBoxContainer@164/@Label@163 font_size actual=20
MW-022 PASS effective >=20 /root/Main/Margin/Layout/HostLayout/NarrativeHost/NarrativeMargin/NarrativeColumn/NarrativeScroll/EntriesCenter/Entries/@VBoxContainer@168/@RichTextLabel@167 normal_font_size actual=20
MW-022 PASS effective >=20 /root/Main/Margin/Layout/HostLayout/NarrativeHost/NarrativeMargin/NarrativeColumn/NarrativeScroll/EntriesCenter/Entries/@VBoxContainer@168/@RichTextLabel@167 bold_font_size actual=20
MW-022 PASS effective >=20 /root/Main/Margin/Layout/HostLayout/NarrativeHost/NarrativeMargin/NarrativeColumn/NarrativeScroll/EntriesCenter/Entries/@VBoxContainer@168/@RichTextLabel@167 italics_font_size actual=20
MW-022 PASS effective >=20 /root/Main/Margin/Layout/HostLayout/NarrativeHost/NarrativeMargin/NarrativeColumn/NarrativeScroll/EntriesCenter/Entries/@VBoxContainer@168/@RichTextLabel@167 bold_italics_font_size actual=20
MW-022 PASS effective >=20 /root/Main/Margin/Layout/HostLayout/NarrativeHost/NarrativeMargin/NarrativeColumn/NarrativeScroll/EntriesCenter/Entries/@VBoxContainer@168/@RichTextLabel@167 mono_font_size actual=20
MW-022 PASS effective >=20 /root/Main/Margin/Layout/HostLayout/NarrativeHost/NarrativeMargin/NarrativeColumn/RecommendationArea/RecommendationHeading font_size actual=20
MW-022 PASS effective >=20 /root/Main/Margin/Layout/HostLayout/NarrativeHost/NarrativeMargin/NarrativeColumn/RecommendationArea/RecommendationScroll/RecommendationGrid/@Button@203 font_size actual=20
MW-022 PASS effective >=20 /root/Main/Margin/Layout/HostLayout/NarrativeHost/NarrativeMargin/NarrativeColumn/RecommendationArea/RecommendationScroll/RecommendationGrid/@Button@204 font_size actual=20
MW-022 PASS effective >=20 /root/Main/Margin/Layout/HostLayout/NarrativeHost/NarrativeMargin/NarrativeColumn/RecommendationArea/RecommendationScroll/RecommendationGrid/@Button@205 font_size actual=20
MW-022 PASS effective >=20 /root/Main/Margin/Layout/HostLayout/NarrativeHost/NarrativeMargin/NarrativeColumn/RecommendationArea/RecommendationScroll/RecommendationGrid/@Button@206 font_size actual=20
MW-022 PASS effective >=20 /root/Main/Margin/Layout/HostLayout/NarrativeHost/NarrativeMargin/NarrativeColumn/RecommendationArea/RecommendationScroll/RecommendationGrid/@Button@207 font_size actual=20
MW-022 PASS effective >=20 /root/Main/Margin/Layout/HostLayout/NarrativeHost/NarrativeMargin/NarrativeColumn/ComposerRow/PlayerInput font_size actual=20
MW-022 PASS effective >=20 /root/Main/Margin/Layout/HostLayout/NarrativeHost/NarrativeMargin/NarrativeColumn/ComposerRow/ComposerButtons/SendButton font_size actual=20
MW-022 PASS effective >=20 /root/Main/Margin/Layout/HostLayout/NarrativeHost/NarrativeMargin/NarrativeColumn/ComposerRow/ComposerButtons/CancelButton font_size actual=20
MW-022 PASS effective >=20 /root/Main/Margin/Layout/HostLayout/NarrativeHost/NarrativeMargin/NarrativeColumn/TurnFooter/RegenerateButton font_size actual=20
MW-022 PASS effective >=20 /root/Main/Margin/Layout/HostLayout/WorldSurfaceHost/WorldPanelMargin/WorldPanelColumn/WorldHeader font_size actual=20
MW-022 PASS effective >=20 /root/Main/Margin/Layout/HostLayout/WorldSurfaceHost/WorldPanelMargin/WorldPanelColumn/WorldNav/OverviewTab font_size actual=20
MW-022 PASS effective >=20 /root/Main/Margin/Layout/HostLayout/WorldSurfaceHost/WorldPanelMargin/WorldPanelColumn/WorldNav/CharacterTab font_size actual=20
MW-022 PASS effective >=20 /root/Main/Margin/Layout/HostLayout/WorldSurfaceHost/WorldPanelMargin/WorldPanelColumn/WorldNav/ExperiencesTab font_size actual=20
MW-022 PASS effective >=20 /root/Main/Margin/Layout/HostLayout/WorldSurfaceHost/WorldPanelMargin/WorldPanelColumn/WorldNav/PeopleTab font_size actual=20
MW-022 PASS effective >=20 /root/Main/Margin/Layout/HostLayout/WorldSurfaceHost/WorldPanelMargin/WorldPanelColumn/WorldNav/SaveTab font_size actual=20
MW-022 PASS effective >=20 /root/Main/Margin/Layout/HostLayout/WorldSurfaceHost/WorldPanelMargin/WorldPanelColumn/SaveScroll/SaveSurface/SaveHeader font_size actual=20
MW-022 PASS effective >=20 /root/Main/Margin/Layout/HostLayout/WorldSurfaceHost/WorldPanelMargin/WorldPanelColumn/SaveScroll/SaveSurface/SaveHint font_size actual=20
MW-022 PASS effective >=20 /root/Main/Margin/Layout/HostLayout/WorldSurfaceHost/WorldPanelMargin/WorldPanelColumn/SaveScroll/SaveSurface/SaveNameInput font_size actual=20
MW-022 PASS effective >=20 /root/Main/Margin/Layout/HostLayout/WorldSurfaceHost/WorldPanelMargin/WorldPanelColumn/SaveScroll/SaveSurface/CreateSaveButton font_size actual=20
MW-022 PASS effective >=20 /root/Main/Margin/Layout/HostLayout/WorldSurfaceHost/WorldPanelMargin/WorldPanelColumn/SaveScroll/SaveSurface/SaveSelector font_size actual=20
MW-022 PASS effective >=20 /root/Main/Margin/Layout/HostLayout/WorldSurfaceHost/WorldPanelMargin/WorldPanelColumn/SaveScroll/SaveSurface/LoadSaveButton font_size actual=20
MW-022 PASS effective >=20 /root/Main/Margin/Layout/HostLayout/WorldSurfaceHost/WorldPanelMargin/WorldPanelColumn/SaveScroll/SaveSurface/SaveResultLabel font_size actual=20
MW-022 PASS effective >=20 /root/Main/Margin/Layout/BottomBar/StatusLabel font_size actual=20
SAVE GEOMETRY scroll=[P: (646.0, 252.0), S: (270.0, 220.0)] body=[P: (646.0, 252.0), S: (252.0, 382.0)] result=[P: (646.0, 575.0), S: (252.0, 59.0)] bar=[P: (898.0, 252.0), S: (18.0, 220.0)]
LAYOUT 960x540-SaveTab narrative=[P: (48.0, 108.0), S: (542.0, 92.0)] composer=[P: (48.0, 296.0), S: (462.0, 132.0)]
MW-022 PASS composer and Narrative fit 960x540-SaveTab
MW-022 PASS accessible nav 960x540-SaveTabOverviewTab
MW-022 PASS accessible nav 960x540-SaveTabCharacterTab
MW-022 PASS accessible nav 960x540-SaveTabExperiencesTab
MW-022 PASS accessible nav 960x540-SaveTabPeopleTab
MW-022 PASS accessible nav 960x540-SaveTabSaveTab
MW-022 PASS no horizontal host overflow 960x540-SaveTab
MW-022 PASS overflow has draggable scrollbar 960x540-SaveTab
MW-022 PASS right content scroll reaches lower rows 960x540-SaveTab
MW-022 PASS scrollbar never covers right-side text 960x540-SaveTab
MW-022 PASS Load button accessible after scroll 960x540-SaveTab
MW-022 PASS effective >=20 /root/Main/DebugPanel/@ScrollContainer@109/@VBoxContainer@110/@Label@208 font_size actual=20
MW-022 PASS effective >=20 /root/Main/DebugPanel/@ScrollContainer@109/@VBoxContainer@110/@Label@209 font_size actual=20
MW-022 PASS effective >=20 /root/Main/DebugPanel/@ScrollContainer@109/@VBoxContainer@110/@Label@210 font_size actual=20
MW-022 PASS effective >=20 /root/Main/DebugPanel/@ScrollContainer@109/@VBoxContainer@110/@Label@211 font_size actual=20
MW-022 PASS effective >=20 /root/Main/DebugPanel/@ScrollContainer@109/@VBoxContainer@110/@Label@212 font_size actual=20
MW-022 PASS effective >=20 /root/Main/DebugPanel/@ScrollContainer@109/@VBoxContainer@110/@Label@213 font_size actual=20
MW-022 PASS effective >=20 /root/Main/DebugPanel/@ScrollContainer@109/@VBoxContainer@110/@Label@214 font_size actual=20
MW-022 PASS effective >=20 /root/Main/DebugPanel/@ScrollContainer@109/@VBoxContainer@110/@Label@215 font_size actual=20
MW-022 PASS effective >=20 /root/Main/DebugPanel/@ScrollContainer@109/@VBoxContainer@110/@Label@216 font_size actual=20
MW-022 PASS effective >=20 /root/Main/DebugPanel/@ScrollContainer@109/@VBoxContainer@110/@Label@217 font_size actual=20
MW-022 PASS effective >=20 /root/Main/DebugPanel/@ScrollContainer@109/@VBoxContainer@110/@Label@218 font_size actual=20
MW-022 PASS effective >=20 /root/Main/DebugPanel/@ScrollContainer@109/@VBoxContainer@110/@Label@219 font_size actual=20
MW-022 PASS Debug text clear of scrollbar
MW-022 PASS Debug vertical scroll (960, 540)
MW-022 PASS real navigation visible (1280, 720)
MW-022 PASS effective >=20 /root/Main/Margin/Layout/TopBar/TitleBox/Title font_size actual=28
MW-022 PASS effective >=20 /root/Main/Margin/Layout/TopBar/TitleBox/Subtitle font_size actual=20
MW-022 PASS effective >=20 /root/Main/Margin/Layout/TopBar/DebugToggle font_size actual=20
MW-022 PASS effective >=20 /root/Main/Margin/Layout/TopBar/ExitButton font_size actual=20
MW-022 PASS effective >=20 /root/Main/Margin/Layout/TopBar/ReturnMenuButton font_size actual=20
MW-022 PASS effective >=20 /root/Main/Margin/Layout/HostLayout/NarrativeHost/NarrativeMargin/NarrativeColumn/NarrativeScroll/EntriesCenter/Entries/@VBoxContainer@117/@HBoxContainer@113/@Label@111 font_size actual=20
MW-022 PASS effective >=20 /root/Main/Margin/Layout/HostLayout/NarrativeHost/NarrativeMargin/NarrativeColumn/NarrativeScroll/EntriesCenter/Entries/@VBoxContainer@117/@HBoxContainer@113/@Label@112 font_size actual=20
MW-022 PASS effective >=20 /root/Main/Margin/Layout/HostLayout/NarrativeHost/NarrativeMargin/NarrativeColumn/NarrativeScroll/EntriesCenter/Entries/@VBoxContainer@117/@RichTextLabel@116 normal_font_size actual=20
MW-022 PASS effective >=20 /root/Main/Margin/Layout/HostLayout/NarrativeHost/NarrativeMargin/NarrativeColumn/NarrativeScroll/EntriesCenter/Entries/@VBoxContainer@117/@RichTextLabel@116 bold_font_size actual=20
MW-022 PASS effective >=20 /root/Main/Margin/Layout/HostLayout/NarrativeHost/NarrativeMargin/NarrativeColumn/NarrativeScroll/EntriesCenter/Entries/@VBoxContainer@117/@RichTextLabel@116 italics_font_size actual=20
MW-022 PASS effective >=20 /root/Main/Margin/Layout/HostLayout/NarrativeHost/NarrativeMargin/NarrativeColumn/NarrativeScroll/EntriesCenter/Entries/@VBoxContainer@117/@RichTextLabel@116 bold_italics_font_size actual=20
MW-022 PASS effective >=20 /root/Main/Margin/Layout/HostLayout/NarrativeHost/NarrativeMargin/NarrativeColumn/NarrativeScroll/EntriesCenter/Entries/@VBoxContainer@117/@RichTextLabel@116 mono_font_size actual=20
MW-022 PASS effective >=20 /root/Main/Margin/Layout/HostLayout/NarrativeHost/NarrativeMargin/NarrativeColumn/NarrativeScroll/EntriesCenter/Entries/@VBoxContainer@161/@Label@157 font_size actual=20
MW-022 PASS effective >=20 /root/Main/Margin/Layout/HostLayout/NarrativeHost/NarrativeMargin/NarrativeColumn/NarrativeScroll/EntriesCenter/Entries/@VBoxContainer@161/@RichTextLabel@160 normal_font_size actual=20
MW-022 PASS effective >=20 /root/Main/Margin/Layout/HostLayout/NarrativeHost/NarrativeMargin/NarrativeColumn/NarrativeScroll/EntriesCenter/Entries/@VBoxContainer@161/@RichTextLabel@160 bold_font_size actual=20
MW-022 PASS effective >=20 /root/Main/Margin/Layout/HostLayout/NarrativeHost/NarrativeMargin/NarrativeColumn/NarrativeScroll/EntriesCenter/Entries/@VBoxContainer@161/@RichTextLabel@160 italics_font_size actual=20
MW-022 PASS effective >=20 /root/Main/Margin/Layout/HostLayout/NarrativeHost/NarrativeMargin/NarrativeColumn/NarrativeScroll/EntriesCenter/Entries/@VBoxContainer@161/@RichTextLabel@160 bold_italics_font_size actual=20
MW-022 PASS effective >=20 /root/Main/Margin/Layout/HostLayout/NarrativeHost/NarrativeMargin/NarrativeColumn/NarrativeScroll/EntriesCenter/Entries/@VBoxContainer@161/@RichTextLabel@160 mono_font_size actual=20
MW-022 PASS effective >=20 /root/Main/Margin/Layout/HostLayout/NarrativeHost/NarrativeMargin/NarrativeColumn/NarrativeScroll/EntriesCenter/Entries/@VBoxContainer@168/@HBoxContainer@164/@Label@162 font_size actual=20
MW-022 PASS effective >=20 /root/Main/Margin/Layout/HostLayout/NarrativeHost/NarrativeMargin/NarrativeColumn/NarrativeScroll/EntriesCenter/Entries/@VBoxContainer@168/@HBoxContainer@164/@Label@163 font_size actual=20
MW-022 PASS effective >=20 /root/Main/Margin/Layout/HostLayout/NarrativeHost/NarrativeMargin/NarrativeColumn/NarrativeScroll/EntriesCenter/Entries/@VBoxContainer@168/@RichTextLabel@167 normal_font_size actual=20
MW-022 PASS effective >=20 /root/Main/Margin/Layout/HostLayout/NarrativeHost/NarrativeMargin/NarrativeColumn/NarrativeScroll/EntriesCenter/Entries/@VBoxContainer@168/@RichTextLabel@167 bold_font_size actual=20
MW-022 PASS effective >=20 /root/Main/Margin/Layout/HostLayout/NarrativeHost/NarrativeMargin/NarrativeColumn/NarrativeScroll/EntriesCenter/Entries/@VBoxContainer@168/@RichTextLabel@167 italics_font_size actual=20
MW-022 PASS effective >=20 /root/Main/Margin/Layout/HostLayout/NarrativeHost/NarrativeMargin/NarrativeColumn/NarrativeScroll/EntriesCenter/Entries/@VBoxContainer@168/@RichTextLabel@167 bold_italics_font_size actual=20
MW-022 PASS effective >=20 /root/Main/Margin/Layout/HostLayout/NarrativeHost/NarrativeMargin/NarrativeColumn/NarrativeScroll/EntriesCenter/Entries/@VBoxContainer@168/@RichTextLabel@167 mono_font_size actual=20
MW-022 PASS effective >=20 /root/Main/Margin/Layout/HostLayout/NarrativeHost/NarrativeMargin/NarrativeColumn/RecommendationArea/RecommendationHeading font_size actual=20
MW-022 PASS effective >=20 /root/Main/Margin/Layout/HostLayout/NarrativeHost/NarrativeMargin/NarrativeColumn/RecommendationArea/RecommendationScroll/RecommendationGrid/@Button@203 font_size actual=20
MW-022 PASS effective >=20 /root/Main/Margin/Layout/HostLayout/NarrativeHost/NarrativeMargin/NarrativeColumn/RecommendationArea/RecommendationScroll/RecommendationGrid/@Button@204 font_size actual=20
MW-022 PASS effective >=20 /root/Main/Margin/Layout/HostLayout/NarrativeHost/NarrativeMargin/NarrativeColumn/RecommendationArea/RecommendationScroll/RecommendationGrid/@Button@205 font_size actual=20
MW-022 PASS effective >=20 /root/Main/Margin/Layout/HostLayout/NarrativeHost/NarrativeMargin/NarrativeColumn/RecommendationArea/RecommendationScroll/RecommendationGrid/@Button@206 font_size actual=20
MW-022 PASS effective >=20 /root/Main/Margin/Layout/HostLayout/NarrativeHost/NarrativeMargin/NarrativeColumn/RecommendationArea/RecommendationScroll/RecommendationGrid/@Button@207 font_size actual=20
MW-022 PASS effective >=20 /root/Main/Margin/Layout/HostLayout/NarrativeHost/NarrativeMargin/NarrativeColumn/ComposerRow/PlayerInput font_size actual=20
MW-022 PASS effective >=20 /root/Main/Margin/Layout/HostLayout/NarrativeHost/NarrativeMargin/NarrativeColumn/ComposerRow/ComposerButtons/SendButton font_size actual=20
MW-022 PASS effective >=20 /root/Main/Margin/Layout/HostLayout/NarrativeHost/NarrativeMargin/NarrativeColumn/ComposerRow/ComposerButtons/CancelButton font_size actual=20
MW-022 PASS effective >=20 /root/Main/Margin/Layout/HostLayout/NarrativeHost/NarrativeMargin/NarrativeColumn/TurnFooter/RegenerateButton font_size actual=20
MW-022 PASS effective >=20 /root/Main/Margin/Layout/HostLayout/WorldSurfaceHost/WorldPanelMargin/WorldPanelColumn/WorldHeader font_size actual=20
MW-022 PASS effective >=20 /root/Main/Margin/Layout/HostLayout/WorldSurfaceHost/WorldPanelMargin/WorldPanelColumn/WorldNav/OverviewTab font_size actual=20
MW-022 PASS effective >=20 /root/Main/Margin/Layout/HostLayout/WorldSurfaceHost/WorldPanelMargin/WorldPanelColumn/WorldNav/CharacterTab font_size actual=20
MW-022 PASS effective >=20 /root/Main/Margin/Layout/HostLayout/WorldSurfaceHost/WorldPanelMargin/WorldPanelColumn/WorldNav/ExperiencesTab font_size actual=20
MW-022 PASS effective >=20 /root/Main/Margin/Layout/HostLayout/WorldSurfaceHost/WorldPanelMargin/WorldPanelColumn/WorldNav/PeopleTab font_size actual=20
MW-022 PASS effective >=20 /root/Main/Margin/Layout/HostLayout/WorldSurfaceHost/WorldPanelMargin/WorldPanelColumn/WorldNav/SaveTab font_size actual=20
MW-022 PASS effective >=20 /root/Main/Margin/Layout/HostLayout/WorldSurfaceHost/WorldPanelMargin/WorldPanelColumn/WorldSurfaceScroll/WorldSurfaceColumn/@VBoxContainer@134/@Label@178 font_size actual=20
MW-022 PASS effective >=20 /root/Main/Margin/Layout/HostLayout/WorldSurfaceHost/WorldPanelMargin/WorldPanelColumn/WorldSurfaceScroll/WorldSurfaceColumn/@VBoxContainer@134/@Label@179 font_size actual=20
MW-022 PASS effective >=20 /root/Main/Margin/Layout/HostLayout/WorldSurfaceHost/WorldPanelMargin/WorldPanelColumn/WorldSurfaceScroll/WorldSurfaceColumn/@VBoxContainer@134/@Label@180 font_size actual=20
MW-022 PASS effective >=20 /root/Main/Margin/Layout/HostLayout/WorldSurfaceHost/WorldPanelMargin/WorldPanelColumn/WorldSurfaceScroll/WorldSurfaceColumn/@VBoxContainer@134/@Label@181 font_size actual=20
MW-022 PASS effective >=20 /root/Main/Margin/Layout/BottomBar/StatusLabel font_size actual=20
LAYOUT 1280x720-OverviewTab narrative=[P: (48.0, 108.0), S: (844.0, 168.0)] composer=[P: (48.0, 476.0), S: (764.0, 132.0)]
MW-022 PASS composer and Narrative fit 1280x720-OverviewTab
MW-022 PASS accessible nav 1280x720-OverviewTabOverviewTab
MW-022 PASS accessible nav 1280x720-OverviewTabCharacterTab
MW-022 PASS accessible nav 1280x720-OverviewTabExperiencesTab
MW-022 PASS accessible nav 1280x720-OverviewTabPeopleTab
MW-022 PASS accessible nav 1280x720-OverviewTabSaveTab
MW-022 PASS no horizontal host overflow 1280x720-OverviewTab
MW-022 PASS effective >=20 /root/Main/Margin/Layout/TopBar/TitleBox/Title font_size actual=28
MW-022 PASS effective >=20 /root/Main/Margin/Layout/TopBar/TitleBox/Subtitle font_size actual=20
MW-022 PASS effective >=20 /root/Main/Margin/Layout/TopBar/DebugToggle font_size actual=20
MW-022 PASS effective >=20 /root/Main/Margin/Layout/TopBar/ExitButton font_size actual=20
MW-022 PASS effective >=20 /root/Main/Margin/Layout/TopBar/ReturnMenuButton font_size actual=20
MW-022 PASS effective >=20 /root/Main/Margin/Layout/HostLayout/NarrativeHost/NarrativeMargin/NarrativeColumn/NarrativeScroll/EntriesCenter/Entries/@VBoxContainer@117/@HBoxContainer@113/@Label@111 font_size actual=20
MW-022 PASS effective >=20 /root/Main/Margin/Layout/HostLayout/NarrativeHost/NarrativeMargin/NarrativeColumn/NarrativeScroll/EntriesCenter/Entries/@VBoxContainer@117/@HBoxContainer@113/@Label@112 font_size actual=20
MW-022 PASS effective >=20 /root/Main/Margin/Layout/HostLayout/NarrativeHost/NarrativeMargin/NarrativeColumn/NarrativeScroll/EntriesCenter/Entries/@VBoxContainer@117/@RichTextLabel@116 normal_font_size actual=20
MW-022 PASS effective >=20 /root/Main/Margin/Layout/HostLayout/NarrativeHost/NarrativeMargin/NarrativeColumn/NarrativeScroll/EntriesCenter/Entries/@VBoxContainer@117/@RichTextLabel@116 bold_font_size actual=20
MW-022 PASS effective >=20 /root/Main/Margin/Layout/HostLayout/NarrativeHost/NarrativeMargin/NarrativeColumn/NarrativeScroll/EntriesCenter/Entries/@VBoxContainer@117/@RichTextLabel@116 italics_font_size actual=20
MW-022 PASS effective >=20 /root/Main/Margin/Layout/HostLayout/NarrativeHost/NarrativeMargin/NarrativeColumn/NarrativeScroll/EntriesCenter/Entries/@VBoxContainer@117/@RichTextLabel@116 bold_italics_font_size actual=20
MW-022 PASS effective >=20 /root/Main/Margin/Layout/HostLayout/NarrativeHost/NarrativeMargin/NarrativeColumn/NarrativeScroll/EntriesCenter/Entries/@VBoxContainer@117/@RichTextLabel@116 mono_font_size actual=20
MW-022 PASS effective >=20 /root/Main/Margin/Layout/HostLayout/NarrativeHost/NarrativeMargin/NarrativeColumn/NarrativeScroll/EntriesCenter/Entries/@VBoxContainer@161/@Label@157 font_size actual=20
MW-022 PASS effective >=20 /root/Main/Margin/Layout/HostLayout/NarrativeHost/NarrativeMargin/NarrativeColumn/NarrativeScroll/EntriesCenter/Entries/@VBoxContainer@161/@RichTextLabel@160 normal_font_size actual=20
MW-022 PASS effective >=20 /root/Main/Margin/Layout/HostLayout/NarrativeHost/NarrativeMargin/NarrativeColumn/NarrativeScroll/EntriesCenter/Entries/@VBoxContainer@161/@RichTextLabel@160 bold_font_size actual=20
MW-022 PASS effective >=20 /root/Main/Margin/Layout/HostLayout/NarrativeHost/NarrativeMargin/NarrativeColumn/NarrativeScroll/EntriesCenter/Entries/@VBoxContainer@161/@RichTextLabel@160 italics_font_size actual=20
MW-022 PASS effective >=20 /root/Main/Margin/Layout/HostLayout/NarrativeHost/NarrativeMargin/NarrativeColumn/NarrativeScroll/EntriesCenter/Entries/@VBoxContainer@161/@RichTextLabel@160 bold_italics_font_size actual=20
MW-022 PASS effective >=20 /root/Main/Margin/Layout/HostLayout/NarrativeHost/NarrativeMargin/NarrativeColumn/NarrativeScroll/EntriesCenter/Entries/@VBoxContainer@161/@RichTextLabel@160 mono_font_size actual=20
MW-022 PASS effective >=20 /root/Main/Margin/Layout/HostLayout/NarrativeHost/NarrativeMargin/NarrativeColumn/NarrativeScroll/EntriesCenter/Entries/@VBoxContainer@168/@HBoxContainer@164/@Label@162 font_size actual=20
MW-022 PASS effective >=20 /root/Main/Margin/Layout/HostLayout/NarrativeHost/NarrativeMargin/NarrativeColumn/NarrativeScroll/EntriesCenter/Entries/@VBoxContainer@168/@HBoxContainer@164/@Label@163 font_size actual=20
MW-022 PASS effective >=20 /root/Main/Margin/Layout/HostLayout/NarrativeHost/NarrativeMargin/NarrativeColumn/NarrativeScroll/EntriesCenter/Entries/@VBoxContainer@168/@RichTextLabel@167 normal_font_size actual=20
MW-022 PASS effective >=20 /root/Main/Margin/Layout/HostLayout/NarrativeHost/NarrativeMargin/NarrativeColumn/NarrativeScroll/EntriesCenter/Entries/@VBoxContainer@168/@RichTextLabel@167 bold_font_size actual=20
MW-022 PASS effective >=20 /root/Main/Margin/Layout/HostLayout/NarrativeHost/NarrativeMargin/NarrativeColumn/NarrativeScroll/EntriesCenter/Entries/@VBoxContainer@168/@RichTextLabel@167 italics_font_size actual=20
MW-022 PASS effective >=20 /root/Main/Margin/Layout/HostLayout/NarrativeHost/NarrativeMargin/NarrativeColumn/NarrativeScroll/EntriesCenter/Entries/@VBoxContainer@168/@RichTextLabel@167 bold_italics_font_size actual=20
MW-022 PASS effective >=20 /root/Main/Margin/Layout/HostLayout/NarrativeHost/NarrativeMargin/NarrativeColumn/NarrativeScroll/EntriesCenter/Entries/@VBoxContainer@168/@RichTextLabel@167 mono_font_size actual=20
MW-022 PASS effective >=20 /root/Main/Margin/Layout/HostLayout/NarrativeHost/NarrativeMargin/NarrativeColumn/RecommendationArea/RecommendationHeading font_size actual=20
MW-022 PASS effective >=20 /root/Main/Margin/Layout/HostLayout/NarrativeHost/NarrativeMargin/NarrativeColumn/RecommendationArea/RecommendationScroll/RecommendationGrid/@Button@203 font_size actual=20
MW-022 PASS effective >=20 /root/Main/Margin/Layout/HostLayout/NarrativeHost/NarrativeMargin/NarrativeColumn/RecommendationArea/RecommendationScroll/RecommendationGrid/@Button@204 font_size actual=20
MW-022 PASS effective >=20 /root/Main/Margin/Layout/HostLayout/NarrativeHost/NarrativeMargin/NarrativeColumn/RecommendationArea/RecommendationScroll/RecommendationGrid/@Button@205 font_size actual=20
MW-022 PASS effective >=20 /root/Main/Margin/Layout/HostLayout/NarrativeHost/NarrativeMargin/NarrativeColumn/RecommendationArea/RecommendationScroll/RecommendationGrid/@Button@206 font_size actual=20
MW-022 PASS effective >=20 /root/Main/Margin/Layout/HostLayout/NarrativeHost/NarrativeMargin/NarrativeColumn/RecommendationArea/RecommendationScroll/RecommendationGrid/@Button@207 font_size actual=20
MW-022 PASS effective >=20 /root/Main/Margin/Layout/HostLayout/NarrativeHost/NarrativeMargin/NarrativeColumn/ComposerRow/PlayerInput font_size actual=20
MW-022 PASS effective >=20 /root/Main/Margin/Layout/HostLayout/NarrativeHost/NarrativeMargin/NarrativeColumn/ComposerRow/ComposerButtons/SendButton font_size actual=20
MW-022 PASS effective >=20 /root/Main/Margin/Layout/HostLayout/NarrativeHost/NarrativeMargin/NarrativeColumn/ComposerRow/ComposerButtons/CancelButton font_size actual=20
MW-022 PASS effective >=20 /root/Main/Margin/Layout/HostLayout/NarrativeHost/NarrativeMargin/NarrativeColumn/TurnFooter/RegenerateButton font_size actual=20
MW-022 PASS effective >=20 /root/Main/Margin/Layout/HostLayout/WorldSurfaceHost/WorldPanelMargin/WorldPanelColumn/WorldHeader font_size actual=20
MW-022 PASS effective >=20 /root/Main/Margin/Layout/HostLayout/WorldSurfaceHost/WorldPanelMargin/WorldPanelColumn/WorldNav/OverviewTab font_size actual=20
MW-022 PASS effective >=20 /root/Main/Margin/Layout/HostLayout/WorldSurfaceHost/WorldPanelMargin/WorldPanelColumn/WorldNav/CharacterTab font_size actual=20
MW-022 PASS effective >=20 /root/Main/Margin/Layout/HostLayout/WorldSurfaceHost/WorldPanelMargin/WorldPanelColumn/WorldNav/ExperiencesTab font_size actual=20
MW-022 PASS effective >=20 /root/Main/Margin/Layout/HostLayout/WorldSurfaceHost/WorldPanelMargin/WorldPanelColumn/WorldNav/PeopleTab font_size actual=20
MW-022 PASS effective >=20 /root/Main/Margin/Layout/HostLayout/WorldSurfaceHost/WorldPanelMargin/WorldPanelColumn/WorldNav/SaveTab font_size actual=20
MW-022 PASS effective >=20 /root/Main/Margin/Layout/HostLayout/WorldSurfaceHost/WorldPanelMargin/WorldPanelColumn/WorldSurfaceScroll/WorldSurfaceColumn/@VBoxContainer@139/@Label@188 font_size actual=20
MW-022 PASS effective >=20 /root/Main/Margin/Layout/HostLayout/WorldSurfaceHost/WorldPanelMargin/WorldPanelColumn/WorldSurfaceScroll/WorldSurfaceColumn/@VBoxContainer@139/@Label@189 font_size actual=20
MW-022 PASS effective >=20 /root/Main/Margin/Layout/HostLayout/WorldSurfaceHost/WorldPanelMargin/WorldPanelColumn/WorldSurfaceScroll/WorldSurfaceColumn/@VBoxContainer@139/@Label@190 font_size actual=20
MW-022 PASS effective >=20 /root/Main/Margin/Layout/HostLayout/WorldSurfaceHost/WorldPanelMargin/WorldPanelColumn/WorldSurfaceScroll/WorldSurfaceColumn/@VBoxContainer@139/@Label@191 font_size actual=20
MW-022 PASS effective >=20 /root/Main/Margin/Layout/BottomBar/StatusLabel font_size actual=20
LAYOUT 1280x720-CharacterTab narrative=[P: (48.0, 108.0), S: (844.0, 168.0)] composer=[P: (48.0, 476.0), S: (764.0, 132.0)]
MW-022 PASS composer and Narrative fit 1280x720-CharacterTab
MW-022 PASS accessible nav 1280x720-CharacterTabOverviewTab
MW-022 PASS accessible nav 1280x720-CharacterTabCharacterTab
MW-022 PASS accessible nav 1280x720-CharacterTabExperiencesTab
MW-022 PASS accessible nav 1280x720-CharacterTabPeopleTab
MW-022 PASS accessible nav 1280x720-CharacterTabSaveTab
MW-022 PASS no horizontal host overflow 1280x720-CharacterTab
MW-022 PASS overflow has draggable scrollbar 1280x720-CharacterTab
MW-022 PASS right content scroll reaches lower rows 1280x720-CharacterTab
MW-022 PASS scrollbar never covers right-side text 1280x720-CharacterTab
MW-022 PASS effective >=20 /root/Main/Margin/Layout/TopBar/TitleBox/Title font_size actual=28
MW-022 PASS effective >=20 /root/Main/Margin/Layout/TopBar/TitleBox/Subtitle font_size actual=20
MW-022 PASS effective >=20 /root/Main/Margin/Layout/TopBar/DebugToggle font_size actual=20
MW-022 PASS effective >=20 /root/Main/Margin/Layout/TopBar/ExitButton font_size actual=20
MW-022 PASS effective >=20 /root/Main/Margin/Layout/TopBar/ReturnMenuButton font_size actual=20
MW-022 PASS effective >=20 /root/Main/Margin/Layout/HostLayout/NarrativeHost/NarrativeMargin/NarrativeColumn/NarrativeScroll/EntriesCenter/Entries/@VBoxContainer@117/@HBoxContainer@113/@Label@111 font_size actual=20
MW-022 PASS effective >=20 /root/Main/Margin/Layout/HostLayout/NarrativeHost/NarrativeMargin/NarrativeColumn/NarrativeScroll/EntriesCenter/Entries/@VBoxContainer@117/@HBoxContainer@113/@Label@112 font_size actual=20
MW-022 PASS effective >=20 /root/Main/Margin/Layout/HostLayout/NarrativeHost/NarrativeMargin/NarrativeColumn/NarrativeScroll/EntriesCenter/Entries/@VBoxContainer@117/@RichTextLabel@116 normal_font_size actual=20
MW-022 PASS effective >=20 /root/Main/Margin/Layout/HostLayout/NarrativeHost/NarrativeMargin/NarrativeColumn/NarrativeScroll/EntriesCenter/Entries/@VBoxContainer@117/@RichTextLabel@116 bold_font_size actual=20
MW-022 PASS effective >=20 /root/Main/Margin/Layout/HostLayout/NarrativeHost/NarrativeMargin/NarrativeColumn/NarrativeScroll/EntriesCenter/Entries/@VBoxContainer@117/@RichTextLabel@116 italics_font_size actual=20
MW-022 PASS effective >=20 /root/Main/Margin/Layout/HostLayout/NarrativeHost/NarrativeMargin/NarrativeColumn/NarrativeScroll/EntriesCenter/Entries/@VBoxContainer@117/@RichTextLabel@116 bold_italics_font_size actual=20
MW-022 PASS effective >=20 /root/Main/Margin/Layout/HostLayout/NarrativeHost/NarrativeMargin/NarrativeColumn/NarrativeScroll/EntriesCenter/Entries/@VBoxContainer@117/@RichTextLabel@116 mono_font_size actual=20
MW-022 PASS effective >=20 /root/Main/Margin/Layout/HostLayout/NarrativeHost/NarrativeMargin/NarrativeColumn/NarrativeScroll/EntriesCenter/Entries/@VBoxContainer@161/@Label@157 font_size actual=20
MW-022 PASS effective >=20 /root/Main/Margin/Layout/HostLayout/NarrativeHost/NarrativeMargin/NarrativeColumn/NarrativeScroll/EntriesCenter/Entries/@VBoxContainer@161/@RichTextLabel@160 normal_font_size actual=20
MW-022 PASS effective >=20 /root/Main/Margin/Layout/HostLayout/NarrativeHost/NarrativeMargin/NarrativeColumn/NarrativeScroll/EntriesCenter/Entries/@VBoxContainer@161/@RichTextLabel@160 bold_font_size actual=20
MW-022 PASS effective >=20 /root/Main/Margin/Layout/HostLayout/NarrativeHost/NarrativeMargin/NarrativeColumn/NarrativeScroll/EntriesCenter/Entries/@VBoxContainer@161/@RichTextLabel@160 italics_font_size actual=20
MW-022 PASS effective >=20 /root/Main/Margin/Layout/HostLayout/NarrativeHost/NarrativeMargin/NarrativeColumn/NarrativeScroll/EntriesCenter/Entries/@VBoxContainer@161/@RichTextLabel@160 bold_italics_font_size actual=20
MW-022 PASS effective >=20 /root/Main/Margin/Layout/HostLayout/NarrativeHost/NarrativeMargin/NarrativeColumn/NarrativeScroll/EntriesCenter/Entries/@VBoxContainer@161/@RichTextLabel@160 mono_font_size actual=20
MW-022 PASS effective >=20 /root/Main/Margin/Layout/HostLayout/NarrativeHost/NarrativeMargin/NarrativeColumn/NarrativeScroll/EntriesCenter/Entries/@VBoxContainer@168/@HBoxContainer@164/@Label@162 font_size actual=20
MW-022 PASS effective >=20 /root/Main/Margin/Layout/HostLayout/NarrativeHost/NarrativeMargin/NarrativeColumn/NarrativeScroll/EntriesCenter/Entries/@VBoxContainer@168/@HBoxContainer@164/@Label@163 font_size actual=20
MW-022 PASS effective >=20 /root/Main/Margin/Layout/HostLayout/NarrativeHost/NarrativeMargin/NarrativeColumn/NarrativeScroll/EntriesCenter/Entries/@VBoxContainer@168/@RichTextLabel@167 normal_font_size actual=20
MW-022 PASS effective >=20 /root/Main/Margin/Layout/HostLayout/NarrativeHost/NarrativeMargin/NarrativeColumn/NarrativeScroll/EntriesCenter/Entries/@VBoxContainer@168/@RichTextLabel@167 bold_font_size actual=20
MW-022 PASS effective >=20 /root/Main/Margin/Layout/HostLayout/NarrativeHost/NarrativeMargin/NarrativeColumn/NarrativeScroll/EntriesCenter/Entries/@VBoxContainer@168/@RichTextLabel@167 italics_font_size actual=20
MW-022 PASS effective >=20 /root/Main/Margin/Layout/HostLayout/NarrativeHost/NarrativeMargin/NarrativeColumn/NarrativeScroll/EntriesCenter/Entries/@VBoxContainer@168/@RichTextLabel@167 bold_italics_font_size actual=20
MW-022 PASS effective >=20 /root/Main/Margin/Layout/HostLayout/NarrativeHost/NarrativeMargin/NarrativeColumn/NarrativeScroll/EntriesCenter/Entries/@VBoxContainer@168/@RichTextLabel@167 mono_font_size actual=20
MW-022 PASS effective >=20 /root/Main/Margin/Layout/HostLayout/NarrativeHost/NarrativeMargin/NarrativeColumn/RecommendationArea/RecommendationHeading font_size actual=20
MW-022 PASS effective >=20 /root/Main/Margin/Layout/HostLayout/NarrativeHost/NarrativeMargin/NarrativeColumn/RecommendationArea/RecommendationScroll/RecommendationGrid/@Button@203 font_size actual=20
MW-022 PASS effective >=20 /root/Main/Margin/Layout/HostLayout/NarrativeHost/NarrativeMargin/NarrativeColumn/RecommendationArea/RecommendationScroll/RecommendationGrid/@Button@204 font_size actual=20
MW-022 PASS effective >=20 /root/Main/Margin/Layout/HostLayout/NarrativeHost/NarrativeMargin/NarrativeColumn/RecommendationArea/RecommendationScroll/RecommendationGrid/@Button@205 font_size actual=20
MW-022 PASS effective >=20 /root/Main/Margin/Layout/HostLayout/NarrativeHost/NarrativeMargin/NarrativeColumn/RecommendationArea/RecommendationScroll/RecommendationGrid/@Button@206 font_size actual=20
MW-022 PASS effective >=20 /root/Main/Margin/Layout/HostLayout/NarrativeHost/NarrativeMargin/NarrativeColumn/RecommendationArea/RecommendationScroll/RecommendationGrid/@Button@207 font_size actual=20
MW-022 PASS effective >=20 /root/Main/Margin/Layout/HostLayout/NarrativeHost/NarrativeMargin/NarrativeColumn/ComposerRow/PlayerInput font_size actual=20
MW-022 PASS effective >=20 /root/Main/Margin/Layout/HostLayout/NarrativeHost/NarrativeMargin/NarrativeColumn/ComposerRow/ComposerButtons/SendButton font_size actual=20
MW-022 PASS effective >=20 /root/Main/Margin/Layout/HostLayout/NarrativeHost/NarrativeMargin/NarrativeColumn/ComposerRow/ComposerButtons/CancelButton font_size actual=20
MW-022 PASS effective >=20 /root/Main/Margin/Layout/HostLayout/NarrativeHost/NarrativeMargin/NarrativeColumn/TurnFooter/RegenerateButton font_size actual=20
MW-022 PASS effective >=20 /root/Main/Margin/Layout/HostLayout/WorldSurfaceHost/WorldPanelMargin/WorldPanelColumn/WorldHeader font_size actual=20
MW-022 PASS effective >=20 /root/Main/Margin/Layout/HostLayout/WorldSurfaceHost/WorldPanelMargin/WorldPanelColumn/WorldNav/OverviewTab font_size actual=20
MW-022 PASS effective >=20 /root/Main/Margin/Layout/HostLayout/WorldSurfaceHost/WorldPanelMargin/WorldPanelColumn/WorldNav/CharacterTab font_size actual=20
MW-022 PASS effective >=20 /root/Main/Margin/Layout/HostLayout/WorldSurfaceHost/WorldPanelMargin/WorldPanelColumn/WorldNav/ExperiencesTab font_size actual=20
MW-022 PASS effective >=20 /root/Main/Margin/Layout/HostLayout/WorldSurfaceHost/WorldPanelMargin/WorldPanelColumn/WorldNav/PeopleTab font_size actual=20
MW-022 PASS effective >=20 /root/Main/Margin/Layout/HostLayout/WorldSurfaceHost/WorldPanelMargin/WorldPanelColumn/WorldNav/SaveTab font_size actual=20
MW-022 PASS effective >=20 /root/Main/Margin/Layout/HostLayout/WorldSurfaceHost/WorldPanelMargin/WorldPanelColumn/WorldSurfaceScroll/WorldSurfaceColumn/@VBoxContainer@143/@Label@192 font_size actual=20
MW-022 PASS effective >=20 /root/Main/Margin/Layout/HostLayout/WorldSurfaceHost/WorldPanelMargin/WorldPanelColumn/WorldSurfaceScroll/WorldSurfaceColumn/@VBoxContainer@143/@Label@193 font_size actual=20
MW-022 PASS effective >=20 /root/Main/Margin/Layout/BottomBar/StatusLabel font_size actual=20
LAYOUT 1280x720-ExperiencesTab narrative=[P: (48.0, 108.0), S: (844.0, 168.0)] composer=[P: (48.0, 476.0), S: (764.0, 132.0)]
MW-022 PASS composer and Narrative fit 1280x720-ExperiencesTab
MW-022 PASS accessible nav 1280x720-ExperiencesTabOverviewTab
MW-022 PASS accessible nav 1280x720-ExperiencesTabCharacterTab
MW-022 PASS accessible nav 1280x720-ExperiencesTabExperiencesTab
MW-022 PASS accessible nav 1280x720-ExperiencesTabPeopleTab
MW-022 PASS accessible nav 1280x720-ExperiencesTabSaveTab
MW-022 PASS no horizontal host overflow 1280x720-ExperiencesTab
MW-022 PASS overflow has draggable scrollbar 1280x720-ExperiencesTab
MW-022 PASS right content scroll reaches lower rows 1280x720-ExperiencesTab
MW-022 PASS scrollbar never covers right-side text 1280x720-ExperiencesTab
MW-022 PASS effective >=20 /root/Main/Margin/Layout/TopBar/TitleBox/Title font_size actual=28
MW-022 PASS effective >=20 /root/Main/Margin/Layout/TopBar/TitleBox/Subtitle font_size actual=20
MW-022 PASS effective >=20 /root/Main/Margin/Layout/TopBar/DebugToggle font_size actual=20
MW-022 PASS effective >=20 /root/Main/Margin/Layout/TopBar/ExitButton font_size actual=20
MW-022 PASS effective >=20 /root/Main/Margin/Layout/TopBar/ReturnMenuButton font_size actual=20
MW-022 PASS effective >=20 /root/Main/Margin/Layout/HostLayout/NarrativeHost/NarrativeMargin/NarrativeColumn/NarrativeScroll/EntriesCenter/Entries/@VBoxContainer@117/@HBoxContainer@113/@Label@111 font_size actual=20
MW-022 PASS effective >=20 /root/Main/Margin/Layout/HostLayout/NarrativeHost/NarrativeMargin/NarrativeColumn/NarrativeScroll/EntriesCenter/Entries/@VBoxContainer@117/@HBoxContainer@113/@Label@112 font_size actual=20
MW-022 PASS effective >=20 /root/Main/Margin/Layout/HostLayout/NarrativeHost/NarrativeMargin/NarrativeColumn/NarrativeScroll/EntriesCenter/Entries/@VBoxContainer@117/@RichTextLabel@116 normal_font_size actual=20
MW-022 PASS effective >=20 /root/Main/Margin/Layout/HostLayout/NarrativeHost/NarrativeMargin/NarrativeColumn/NarrativeScroll/EntriesCenter/Entries/@VBoxContainer@117/@RichTextLabel@116 bold_font_size actual=20
MW-022 PASS effective >=20 /root/Main/Margin/Layout/HostLayout/NarrativeHost/NarrativeMargin/NarrativeColumn/NarrativeScroll/EntriesCenter/Entries/@VBoxContainer@117/@RichTextLabel@116 italics_font_size actual=20
MW-022 PASS effective >=20 /root/Main/Margin/Layout/HostLayout/NarrativeHost/NarrativeMargin/NarrativeColumn/NarrativeScroll/EntriesCenter/Entries/@VBoxContainer@117/@RichTextLabel@116 bold_italics_font_size actual=20
MW-022 PASS effective >=20 /root/Main/Margin/Layout/HostLayout/NarrativeHost/NarrativeMargin/NarrativeColumn/NarrativeScroll/EntriesCenter/Entries/@VBoxContainer@117/@RichTextLabel@116 mono_font_size actual=20
MW-022 PASS effective >=20 /root/Main/Margin/Layout/HostLayout/NarrativeHost/NarrativeMargin/NarrativeColumn/NarrativeScroll/EntriesCenter/Entries/@VBoxContainer@161/@Label@157 font_size actual=20
MW-022 PASS effective >=20 /root/Main/Margin/Layout/HostLayout/NarrativeHost/NarrativeMargin/NarrativeColumn/NarrativeScroll/EntriesCenter/Entries/@VBoxContainer@161/@RichTextLabel@160 normal_font_size actual=20
MW-022 PASS effective >=20 /root/Main/Margin/Layout/HostLayout/NarrativeHost/NarrativeMargin/NarrativeColumn/NarrativeScroll/EntriesCenter/Entries/@VBoxContainer@161/@RichTextLabel@160 bold_font_size actual=20
MW-022 PASS effective >=20 /root/Main/Margin/Layout/HostLayout/NarrativeHost/NarrativeMargin/NarrativeColumn/NarrativeScroll/EntriesCenter/Entries/@VBoxContainer@161/@RichTextLabel@160 italics_font_size actual=20
MW-022 PASS effective >=20 /root/Main/Margin/Layout/HostLayout/NarrativeHost/NarrativeMargin/NarrativeColumn/NarrativeScroll/EntriesCenter/Entries/@VBoxContainer@161/@RichTextLabel@160 bold_italics_font_size actual=20
MW-022 PASS effective >=20 /root/Main/Margin/Layout/HostLayout/NarrativeHost/NarrativeMargin/NarrativeColumn/NarrativeScroll/EntriesCenter/Entries/@VBoxContainer@161/@RichTextLabel@160 mono_font_size actual=20
MW-022 PASS effective >=20 /root/Main/Margin/Layout/HostLayout/NarrativeHost/NarrativeMargin/NarrativeColumn/NarrativeScroll/EntriesCenter/Entries/@VBoxContainer@168/@HBoxContainer@164/@Label@162 font_size actual=20
MW-022 PASS effective >=20 /root/Main/Margin/Layout/HostLayout/NarrativeHost/NarrativeMargin/NarrativeColumn/NarrativeScroll/EntriesCenter/Entries/@VBoxContainer@168/@HBoxContainer@164/@Label@163 font_size actual=20
MW-022 PASS effective >=20 /root/Main/Margin/Layout/HostLayout/NarrativeHost/NarrativeMargin/NarrativeColumn/NarrativeScroll/EntriesCenter/Entries/@VBoxContainer@168/@RichTextLabel@167 normal_font_size actual=20
MW-022 PASS effective >=20 /root/Main/Margin/Layout/HostLayout/NarrativeHost/NarrativeMargin/NarrativeColumn/NarrativeScroll/EntriesCenter/Entries/@VBoxContainer@168/@RichTextLabel@167 bold_font_size actual=20
MW-022 PASS effective >=20 /root/Main/Margin/Layout/HostLayout/NarrativeHost/NarrativeMargin/NarrativeColumn/NarrativeScroll/EntriesCenter/Entries/@VBoxContainer@168/@RichTextLabel@167 italics_font_size actual=20
MW-022 PASS effective >=20 /root/Main/Margin/Layout/HostLayout/NarrativeHost/NarrativeMargin/NarrativeColumn/NarrativeScroll/EntriesCenter/Entries/@VBoxContainer@168/@RichTextLabel@167 bold_italics_font_size actual=20
MW-022 PASS effective >=20 /root/Main/Margin/Layout/HostLayout/NarrativeHost/NarrativeMargin/NarrativeColumn/NarrativeScroll/EntriesCenter/Entries/@VBoxContainer@168/@RichTextLabel@167 mono_font_size actual=20
MW-022 PASS effective >=20 /root/Main/Margin/Layout/HostLayout/NarrativeHost/NarrativeMargin/NarrativeColumn/RecommendationArea/RecommendationHeading font_size actual=20
MW-022 PASS effective >=20 /root/Main/Margin/Layout/HostLayout/NarrativeHost/NarrativeMargin/NarrativeColumn/RecommendationArea/RecommendationScroll/RecommendationGrid/@Button@203 font_size actual=20
MW-022 PASS effective >=20 /root/Main/Margin/Layout/HostLayout/NarrativeHost/NarrativeMargin/NarrativeColumn/RecommendationArea/RecommendationScroll/RecommendationGrid/@Button@204 font_size actual=20
MW-022 PASS effective >=20 /root/Main/Margin/Layout/HostLayout/NarrativeHost/NarrativeMargin/NarrativeColumn/RecommendationArea/RecommendationScroll/RecommendationGrid/@Button@205 font_size actual=20
MW-022 PASS effective >=20 /root/Main/Margin/Layout/HostLayout/NarrativeHost/NarrativeMargin/NarrativeColumn/RecommendationArea/RecommendationScroll/RecommendationGrid/@Button@206 font_size actual=20
MW-022 PASS effective >=20 /root/Main/Margin/Layout/HostLayout/NarrativeHost/NarrativeMargin/NarrativeColumn/RecommendationArea/RecommendationScroll/RecommendationGrid/@Button@207 font_size actual=20
MW-022 PASS effective >=20 /root/Main/Margin/Layout/HostLayout/NarrativeHost/NarrativeMargin/NarrativeColumn/ComposerRow/PlayerInput font_size actual=20
MW-022 PASS effective >=20 /root/Main/Margin/Layout/HostLayout/NarrativeHost/NarrativeMargin/NarrativeColumn/ComposerRow/ComposerButtons/SendButton font_size actual=20
MW-022 PASS effective >=20 /root/Main/Margin/Layout/HostLayout/NarrativeHost/NarrativeMargin/NarrativeColumn/ComposerRow/ComposerButtons/CancelButton font_size actual=20
MW-022 PASS effective >=20 /root/Main/Margin/Layout/HostLayout/NarrativeHost/NarrativeMargin/NarrativeColumn/TurnFooter/RegenerateButton font_size actual=20
MW-022 PASS effective >=20 /root/Main/Margin/Layout/HostLayout/WorldSurfaceHost/WorldPanelMargin/WorldPanelColumn/WorldHeader font_size actual=20
MW-022 PASS effective >=20 /root/Main/Margin/Layout/HostLayout/WorldSurfaceHost/WorldPanelMargin/WorldPanelColumn/WorldNav/OverviewTab font_size actual=20
MW-022 PASS effective >=20 /root/Main/Margin/Layout/HostLayout/WorldSurfaceHost/WorldPanelMargin/WorldPanelColumn/WorldNav/CharacterTab font_size actual=20
MW-022 PASS effective >=20 /root/Main/Margin/Layout/HostLayout/WorldSurfaceHost/WorldPanelMargin/WorldPanelColumn/WorldNav/ExperiencesTab font_size actual=20
MW-022 PASS effective >=20 /root/Main/Margin/Layout/HostLayout/WorldSurfaceHost/WorldPanelMargin/WorldPanelColumn/WorldNav/PeopleTab font_size actual=20
MW-022 PASS effective >=20 /root/Main/Margin/Layout/HostLayout/WorldSurfaceHost/WorldPanelMargin/WorldPanelColumn/WorldNav/SaveTab font_size actual=20
MW-022 PASS effective >=20 /root/Main/Margin/Layout/HostLayout/WorldSurfaceHost/WorldPanelMargin/WorldPanelColumn/WorldSurfaceScroll/WorldSurfaceColumn/@VBoxContainer@145/@PanelContainer@194/@MarginContainer@195/@VBoxContainer@196/@Button@197 font_size actual=20
MW-022 PASS effective >=20 /root/Main/Margin/Layout/HostLayout/WorldSurfaceHost/WorldPanelMargin/WorldPanelColumn/WorldSurfaceScroll/WorldSurfaceColumn/@VBoxContainer@145/@PanelContainer@194/@MarginContainer@195/@VBoxContainer@196/@Label@198 font_size actual=20
MW-022 PASS effective >=20 /root/Main/Margin/Layout/HostLayout/WorldSurfaceHost/WorldPanelMargin/WorldPanelColumn/WorldSurfaceScroll/WorldSurfaceColumn/@VBoxContainer@145/@PanelContainer@194/@MarginContainer@195/@VBoxContainer@196/@VBoxContainer@199/@Label@200 font_size actual=20
MW-022 PASS effective >=20 /root/Main/Margin/Layout/HostLayout/WorldSurfaceHost/WorldPanelMargin/WorldPanelColumn/WorldSurfaceScroll/WorldSurfaceColumn/@VBoxContainer@145/@PanelContainer@194/@MarginContainer@195/@VBoxContainer@196/@VBoxContainer@199/@Label@201 font_size actual=20
MW-022 PASS effective >=20 /root/Main/Margin/Layout/HostLayout/WorldSurfaceHost/WorldPanelMargin/WorldPanelColumn/WorldSurfaceScroll/WorldSurfaceColumn/@VBoxContainer@145/@PanelContainer@194/@MarginContainer@195/@VBoxContainer@196/@VBoxContainer@199/@Label@202 font_size actual=20
MW-022 PASS effective >=20 /root/Main/Margin/Layout/BottomBar/StatusLabel font_size actual=20
LAYOUT 1280x720-PeopleTab narrative=[P: (48.0, 108.0), S: (844.0, 168.0)] composer=[P: (48.0, 476.0), S: (764.0, 132.0)]
MW-022 PASS composer and Narrative fit 1280x720-PeopleTab
MW-022 PASS accessible nav 1280x720-PeopleTabOverviewTab
MW-022 PASS accessible nav 1280x720-PeopleTabCharacterTab
MW-022 PASS accessible nav 1280x720-PeopleTabExperiencesTab
MW-022 PASS accessible nav 1280x720-PeopleTabPeopleTab
MW-022 PASS accessible nav 1280x720-PeopleTabSaveTab
MW-022 PASS no horizontal host overflow 1280x720-PeopleTab
MW-022 PASS overflow has draggable scrollbar 1280x720-PeopleTab
MW-022 PASS right content scroll reaches lower rows 1280x720-PeopleTab
MW-022 PASS scrollbar never covers right-side text 1280x720-PeopleTab
MW-022 PASS effective >=20 /root/Main/Margin/Layout/TopBar/TitleBox/Title font_size actual=28
MW-022 PASS effective >=20 /root/Main/Margin/Layout/TopBar/TitleBox/Subtitle font_size actual=20
MW-022 PASS effective >=20 /root/Main/Margin/Layout/TopBar/DebugToggle font_size actual=20
MW-022 PASS effective >=20 /root/Main/Margin/Layout/TopBar/ExitButton font_size actual=20
MW-022 PASS effective >=20 /root/Main/Margin/Layout/TopBar/ReturnMenuButton font_size actual=20
MW-022 PASS effective >=20 /root/Main/Margin/Layout/HostLayout/NarrativeHost/NarrativeMargin/NarrativeColumn/NarrativeScroll/EntriesCenter/Entries/@VBoxContainer@117/@HBoxContainer@113/@Label@111 font_size actual=20
MW-022 PASS effective >=20 /root/Main/Margin/Layout/HostLayout/NarrativeHost/NarrativeMargin/NarrativeColumn/NarrativeScroll/EntriesCenter/Entries/@VBoxContainer@117/@HBoxContainer@113/@Label@112 font_size actual=20
MW-022 PASS effective >=20 /root/Main/Margin/Layout/HostLayout/NarrativeHost/NarrativeMargin/NarrativeColumn/NarrativeScroll/EntriesCenter/Entries/@VBoxContainer@117/@RichTextLabel@116 normal_font_size actual=20
MW-022 PASS effective >=20 /root/Main/Margin/Layout/HostLayout/NarrativeHost/NarrativeMargin/NarrativeColumn/NarrativeScroll/EntriesCenter/Entries/@VBoxContainer@117/@RichTextLabel@116 bold_font_size actual=20
MW-022 PASS effective >=20 /root/Main/Margin/Layout/HostLayout/NarrativeHost/NarrativeMargin/NarrativeColumn/NarrativeScroll/EntriesCenter/Entries/@VBoxContainer@117/@RichTextLabel@116 italics_font_size actual=20
MW-022 PASS effective >=20 /root/Main/Margin/Layout/HostLayout/NarrativeHost/NarrativeMargin/NarrativeColumn/NarrativeScroll/EntriesCenter/Entries/@VBoxContainer@117/@RichTextLabel@116 bold_italics_font_size actual=20
MW-022 PASS effective >=20 /root/Main/Margin/Layout/HostLayout/NarrativeHost/NarrativeMargin/NarrativeColumn/NarrativeScroll/EntriesCenter/Entries/@VBoxContainer@117/@RichTextLabel@116 mono_font_size actual=20
MW-022 PASS effective >=20 /root/Main/Margin/Layout/HostLayout/NarrativeHost/NarrativeMargin/NarrativeColumn/NarrativeScroll/EntriesCenter/Entries/@VBoxContainer@161/@Label@157 font_size actual=20
MW-022 PASS effective >=20 /root/Main/Margin/Layout/HostLayout/NarrativeHost/NarrativeMargin/NarrativeColumn/NarrativeScroll/EntriesCenter/Entries/@VBoxContainer@161/@RichTextLabel@160 normal_font_size actual=20
MW-022 PASS effective >=20 /root/Main/Margin/Layout/HostLayout/NarrativeHost/NarrativeMargin/NarrativeColumn/NarrativeScroll/EntriesCenter/Entries/@VBoxContainer@161/@RichTextLabel@160 bold_font_size actual=20
MW-022 PASS effective >=20 /root/Main/Margin/Layout/HostLayout/NarrativeHost/NarrativeMargin/NarrativeColumn/NarrativeScroll/EntriesCenter/Entries/@VBoxContainer@161/@RichTextLabel@160 italics_font_size actual=20
MW-022 PASS effective >=20 /root/Main/Margin/Layout/HostLayout/NarrativeHost/NarrativeMargin/NarrativeColumn/NarrativeScroll/EntriesCenter/Entries/@VBoxContainer@161/@RichTextLabel@160 bold_italics_font_size actual=20
MW-022 PASS effective >=20 /root/Main/Margin/Layout/HostLayout/NarrativeHost/NarrativeMargin/NarrativeColumn/NarrativeScroll/EntriesCenter/Entries/@VBoxContainer@161/@RichTextLabel@160 mono_font_size actual=20
MW-022 PASS effective >=20 /root/Main/Margin/Layout/HostLayout/NarrativeHost/NarrativeMargin/NarrativeColumn/NarrativeScroll/EntriesCenter/Entries/@VBoxContainer@168/@HBoxContainer@164/@Label@162 font_size actual=20
MW-022 PASS effective >=20 /root/Main/Margin/Layout/HostLayout/NarrativeHost/NarrativeMargin/NarrativeColumn/NarrativeScroll/EntriesCenter/Entries/@VBoxContainer@168/@HBoxContainer@164/@Label@163 font_size actual=20
MW-022 PASS effective >=20 /root/Main/Margin/Layout/HostLayout/NarrativeHost/NarrativeMargin/NarrativeColumn/NarrativeScroll/EntriesCenter/Entries/@VBoxContainer@168/@RichTextLabel@167 normal_font_size actual=20
MW-022 PASS effective >=20 /root/Main/Margin/Layout/HostLayout/NarrativeHost/NarrativeMargin/NarrativeColumn/NarrativeScroll/EntriesCenter/Entries/@VBoxContainer@168/@RichTextLabel@167 bold_font_size actual=20
MW-022 PASS effective >=20 /root/Main/Margin/Layout/HostLayout/NarrativeHost/NarrativeMargin/NarrativeColumn/NarrativeScroll/EntriesCenter/Entries/@VBoxContainer@168/@RichTextLabel@167 italics_font_size actual=20
MW-022 PASS effective >=20 /root/Main/Margin/Layout/HostLayout/NarrativeHost/NarrativeMargin/NarrativeColumn/NarrativeScroll/EntriesCenter/Entries/@VBoxContainer@168/@RichTextLabel@167 bold_italics_font_size actual=20
MW-022 PASS effective >=20 /root/Main/Margin/Layout/HostLayout/NarrativeHost/NarrativeMargin/NarrativeColumn/NarrativeScroll/EntriesCenter/Entries/@VBoxContainer@168/@RichTextLabel@167 mono_font_size actual=20
MW-022 PASS effective >=20 /root/Main/Margin/Layout/HostLayout/NarrativeHost/NarrativeMargin/NarrativeColumn/RecommendationArea/RecommendationHeading font_size actual=20
MW-022 PASS effective >=20 /root/Main/Margin/Layout/HostLayout/NarrativeHost/NarrativeMargin/NarrativeColumn/RecommendationArea/RecommendationScroll/RecommendationGrid/@Button@203 font_size actual=20
MW-022 PASS effective >=20 /root/Main/Margin/Layout/HostLayout/NarrativeHost/NarrativeMargin/NarrativeColumn/RecommendationArea/RecommendationScroll/RecommendationGrid/@Button@204 font_size actual=20
MW-022 PASS effective >=20 /root/Main/Margin/Layout/HostLayout/NarrativeHost/NarrativeMargin/NarrativeColumn/RecommendationArea/RecommendationScroll/RecommendationGrid/@Button@205 font_size actual=20
MW-022 PASS effective >=20 /root/Main/Margin/Layout/HostLayout/NarrativeHost/NarrativeMargin/NarrativeColumn/RecommendationArea/RecommendationScroll/RecommendationGrid/@Button@206 font_size actual=20
MW-022 PASS effective >=20 /root/Main/Margin/Layout/HostLayout/NarrativeHost/NarrativeMargin/NarrativeColumn/RecommendationArea/RecommendationScroll/RecommendationGrid/@Button@207 font_size actual=20
MW-022 PASS effective >=20 /root/Main/Margin/Layout/HostLayout/NarrativeHost/NarrativeMargin/NarrativeColumn/ComposerRow/PlayerInput font_size actual=20
MW-022 PASS effective >=20 /root/Main/Margin/Layout/HostLayout/NarrativeHost/NarrativeMargin/NarrativeColumn/ComposerRow/ComposerButtons/SendButton font_size actual=20
MW-022 PASS effective >=20 /root/Main/Margin/Layout/HostLayout/NarrativeHost/NarrativeMargin/NarrativeColumn/ComposerRow/ComposerButtons/CancelButton font_size actual=20
MW-022 PASS effective >=20 /root/Main/Margin/Layout/HostLayout/NarrativeHost/NarrativeMargin/NarrativeColumn/TurnFooter/RegenerateButton font_size actual=20
MW-022 PASS effective >=20 /root/Main/Margin/Layout/HostLayout/WorldSurfaceHost/WorldPanelMargin/WorldPanelColumn/WorldHeader font_size actual=20
MW-022 PASS effective >=20 /root/Main/Margin/Layout/HostLayout/WorldSurfaceHost/WorldPanelMargin/WorldPanelColumn/WorldNav/OverviewTab font_size actual=20
MW-022 PASS effective >=20 /root/Main/Margin/Layout/HostLayout/WorldSurfaceHost/WorldPanelMargin/WorldPanelColumn/WorldNav/CharacterTab font_size actual=20
MW-022 PASS effective >=20 /root/Main/Margin/Layout/HostLayout/WorldSurfaceHost/WorldPanelMargin/WorldPanelColumn/WorldNav/ExperiencesTab font_size actual=20
MW-022 PASS effective >=20 /root/Main/Margin/Layout/HostLayout/WorldSurfaceHost/WorldPanelMargin/WorldPanelColumn/WorldNav/PeopleTab font_size actual=20
MW-022 PASS effective >=20 /root/Main/Margin/Layout/HostLayout/WorldSurfaceHost/WorldPanelMargin/WorldPanelColumn/WorldNav/SaveTab font_size actual=20
MW-022 PASS effective >=20 /root/Main/Margin/Layout/HostLayout/WorldSurfaceHost/WorldPanelMargin/WorldPanelColumn/SaveScroll/SaveSurface/SaveHeader font_size actual=20
MW-022 PASS effective >=20 /root/Main/Margin/Layout/HostLayout/WorldSurfaceHost/WorldPanelMargin/WorldPanelColumn/SaveScroll/SaveSurface/SaveHint font_size actual=20
MW-022 PASS effective >=20 /root/Main/Margin/Layout/HostLayout/WorldSurfaceHost/WorldPanelMargin/WorldPanelColumn/SaveScroll/SaveSurface/SaveNameInput font_size actual=20
MW-022 PASS effective >=20 /root/Main/Margin/Layout/HostLayout/WorldSurfaceHost/WorldPanelMargin/WorldPanelColumn/SaveScroll/SaveSurface/CreateSaveButton font_size actual=20
MW-022 PASS effective >=20 /root/Main/Margin/Layout/HostLayout/WorldSurfaceHost/WorldPanelMargin/WorldPanelColumn/SaveScroll/SaveSurface/SaveSelector font_size actual=20
MW-022 PASS effective >=20 /root/Main/Margin/Layout/HostLayout/WorldSurfaceHost/WorldPanelMargin/WorldPanelColumn/SaveScroll/SaveSurface/LoadSaveButton font_size actual=20
MW-022 PASS effective >=20 /root/Main/Margin/Layout/HostLayout/WorldSurfaceHost/WorldPanelMargin/WorldPanelColumn/SaveScroll/SaveSurface/SaveResultLabel font_size actual=20
MW-022 PASS effective >=20 /root/Main/Margin/Layout/BottomBar/StatusLabel font_size actual=20
SAVE GEOMETRY scroll=[P: (948.0, 252.0), S: (288.0, 400.0)] body=[P: (948.0, 252.0), S: (288.0, 351.0)] result=[P: (948.0, 575.0), S: (288.0, 28.0)] bar=[P: (1236.0, 252.0), S: (18.0, 400.0)]
LAYOUT 1280x720-SaveTab narrative=[P: (48.0, 108.0), S: (844.0, 168.0)] composer=[P: (48.0, 476.0), S: (764.0, 132.0)]
MW-022 PASS composer and Narrative fit 1280x720-SaveTab
MW-022 PASS accessible nav 1280x720-SaveTabOverviewTab
MW-022 PASS accessible nav 1280x720-SaveTabCharacterTab
MW-022 PASS accessible nav 1280x720-SaveTabExperiencesTab
MW-022 PASS accessible nav 1280x720-SaveTabPeopleTab
MW-022 PASS accessible nav 1280x720-SaveTabSaveTab
MW-022 PASS no horizontal host overflow 1280x720-SaveTab
MW-022 PASS effective >=20 /root/Main/DebugPanel/@ScrollContainer@109/@VBoxContainer@110/@Label@220 font_size actual=20
MW-022 PASS effective >=20 /root/Main/DebugPanel/@ScrollContainer@109/@VBoxContainer@110/@Label@221 font_size actual=20
MW-022 PASS effective >=20 /root/Main/DebugPanel/@ScrollContainer@109/@VBoxContainer@110/@Label@222 font_size actual=20
MW-022 PASS effective >=20 /root/Main/DebugPanel/@ScrollContainer@109/@VBoxContainer@110/@Label@223 font_size actual=20
MW-022 PASS effective >=20 /root/Main/DebugPanel/@ScrollContainer@109/@VBoxContainer@110/@Label@224 font_size actual=20
MW-022 PASS effective >=20 /root/Main/DebugPanel/@ScrollContainer@109/@VBoxContainer@110/@Label@225 font_size actual=20
MW-022 PASS effective >=20 /root/Main/DebugPanel/@ScrollContainer@109/@VBoxContainer@110/@Label@226 font_size actual=20
MW-022 PASS effective >=20 /root/Main/DebugPanel/@ScrollContainer@109/@VBoxContainer@110/@Label@227 font_size actual=20
MW-022 PASS effective >=20 /root/Main/DebugPanel/@ScrollContainer@109/@VBoxContainer@110/@Label@228 font_size actual=20
MW-022 PASS effective >=20 /root/Main/DebugPanel/@ScrollContainer@109/@VBoxContainer@110/@Label@229 font_size actual=20
MW-022 PASS effective >=20 /root/Main/DebugPanel/@ScrollContainer@109/@VBoxContainer@110/@Label@230 font_size actual=20
MW-022 PASS effective >=20 /root/Main/DebugPanel/@ScrollContainer@109/@VBoxContainer@110/@Label@231 font_size actual=20
MW-022 PASS Debug text clear of scrollbar
MW-022 PASS Debug vertical scroll (1280, 720)
MW-022 PASS real navigation visible (1920, 1080)
MW-022 PASS effective >=20 /root/Main/Margin/Layout/TopBar/TitleBox/Title font_size actual=28
MW-022 PASS effective >=20 /root/Main/Margin/Layout/TopBar/TitleBox/Subtitle font_size actual=20
MW-022 PASS effective >=20 /root/Main/Margin/Layout/TopBar/DebugToggle font_size actual=20
MW-022 PASS effective >=20 /root/Main/Margin/Layout/TopBar/ExitButton font_size actual=20
MW-022 PASS effective >=20 /root/Main/Margin/Layout/TopBar/ReturnMenuButton font_size actual=20
MW-022 PASS effective >=20 /root/Main/Margin/Layout/HostLayout/NarrativeHost/NarrativeMargin/NarrativeColumn/NarrativeScroll/EntriesCenter/Entries/@VBoxContainer@117/@HBoxContainer@113/@Label@111 font_size actual=20
MW-022 PASS effective >=20 /root/Main/Margin/Layout/HostLayout/NarrativeHost/NarrativeMargin/NarrativeColumn/NarrativeScroll/EntriesCenter/Entries/@VBoxContainer@117/@HBoxContainer@113/@Label@112 font_size actual=20
MW-022 PASS effective >=20 /root/Main/Margin/Layout/HostLayout/NarrativeHost/NarrativeMargin/NarrativeColumn/NarrativeScroll/EntriesCenter/Entries/@VBoxContainer@117/@RichTextLabel@116 normal_font_size actual=20
MW-022 PASS effective >=20 /root/Main/Margin/Layout/HostLayout/NarrativeHost/NarrativeMargin/NarrativeColumn/NarrativeScroll/EntriesCenter/Entries/@VBoxContainer@117/@RichTextLabel@116 bold_font_size actual=20
MW-022 PASS effective >=20 /root/Main/Margin/Layout/HostLayout/NarrativeHost/NarrativeMargin/NarrativeColumn/NarrativeScroll/EntriesCenter/Entries/@VBoxContainer@117/@RichTextLabel@116 italics_font_size actual=20
MW-022 PASS effective >=20 /root/Main/Margin/Layout/HostLayout/NarrativeHost/NarrativeMargin/NarrativeColumn/NarrativeScroll/EntriesCenter/Entries/@VBoxContainer@117/@RichTextLabel@116 bold_italics_font_size actual=20
MW-022 PASS effective >=20 /root/Main/Margin/Layout/HostLayout/NarrativeHost/NarrativeMargin/NarrativeColumn/NarrativeScroll/EntriesCenter/Entries/@VBoxContainer@117/@RichTextLabel@116 mono_font_size actual=20
MW-022 PASS effective >=20 /root/Main/Margin/Layout/HostLayout/NarrativeHost/NarrativeMargin/NarrativeColumn/NarrativeScroll/EntriesCenter/Entries/@VBoxContainer@161/@Label@157 font_size actual=20
MW-022 PASS effective >=20 /root/Main/Margin/Layout/HostLayout/NarrativeHost/NarrativeMargin/NarrativeColumn/NarrativeScroll/EntriesCenter/Entries/@VBoxContainer@161/@RichTextLabel@160 normal_font_size actual=20
MW-022 PASS effective >=20 /root/Main/Margin/Layout/HostLayout/NarrativeHost/NarrativeMargin/NarrativeColumn/NarrativeScroll/EntriesCenter/Entries/@VBoxContainer@161/@RichTextLabel@160 bold_font_size actual=20
MW-022 PASS effective >=20 /root/Main/Margin/Layout/HostLayout/NarrativeHost/NarrativeMargin/NarrativeColumn/NarrativeScroll/EntriesCenter/Entries/@VBoxContainer@161/@RichTextLabel@160 italics_font_size actual=20
MW-022 PASS effective >=20 /root/Main/Margin/Layout/HostLayout/NarrativeHost/NarrativeMargin/NarrativeColumn/NarrativeScroll/EntriesCenter/Entries/@VBoxContainer@161/@RichTextLabel@160 bold_italics_font_size actual=20
MW-022 PASS effective >=20 /root/Main/Margin/Layout/HostLayout/NarrativeHost/NarrativeMargin/NarrativeColumn/NarrativeScroll/EntriesCenter/Entries/@VBoxContainer@161/@RichTextLabel@160 mono_font_size actual=20
MW-022 PASS effective >=20 /root/Main/Margin/Layout/HostLayout/NarrativeHost/NarrativeMargin/NarrativeColumn/NarrativeScroll/EntriesCenter/Entries/@VBoxContainer@168/@HBoxContainer@164/@Label@162 font_size actual=20
MW-022 PASS effective >=20 /root/Main/Margin/Layout/HostLayout/NarrativeHost/NarrativeMargin/NarrativeColumn/NarrativeScroll/EntriesCenter/Entries/@VBoxContainer@168/@HBoxContainer@164/@Label@163 font_size actual=20
MW-022 PASS effective >=20 /root/Main/Margin/Layout/HostLayout/NarrativeHost/NarrativeMargin/NarrativeColumn/NarrativeScroll/EntriesCenter/Entries/@VBoxContainer@168/@RichTextLabel@167 normal_font_size actual=20
MW-022 PASS effective >=20 /root/Main/Margin/Layout/HostLayout/NarrativeHost/NarrativeMargin/NarrativeColumn/NarrativeScroll/EntriesCenter/Entries/@VBoxContainer@168/@RichTextLabel@167 bold_font_size actual=20
MW-022 PASS effective >=20 /root/Main/Margin/Layout/HostLayout/NarrativeHost/NarrativeMargin/NarrativeColumn/NarrativeScroll/EntriesCenter/Entries/@VBoxContainer@168/@RichTextLabel@167 italics_font_size actual=20
MW-022 PASS effective >=20 /root/Main/Margin/Layout/HostLayout/NarrativeHost/NarrativeMargin/NarrativeColumn/NarrativeScroll/EntriesCenter/Entries/@VBoxContainer@168/@RichTextLabel@167 bold_italics_font_size actual=20
MW-022 PASS effective >=20 /root/Main/Margin/Layout/HostLayout/NarrativeHost/NarrativeMargin/NarrativeColumn/NarrativeScroll/EntriesCenter/Entries/@VBoxContainer@168/@RichTextLabel@167 mono_font_size actual=20
MW-022 PASS effective >=20 /root/Main/Margin/Layout/HostLayout/NarrativeHost/NarrativeMargin/NarrativeColumn/RecommendationArea/RecommendationHeading font_size actual=20
MW-022 PASS effective >=20 /root/Main/Margin/Layout/HostLayout/NarrativeHost/NarrativeMargin/NarrativeColumn/RecommendationArea/RecommendationScroll/RecommendationGrid/@Button@203 font_size actual=20
MW-022 PASS effective >=20 /root/Main/Margin/Layout/HostLayout/NarrativeHost/NarrativeMargin/NarrativeColumn/RecommendationArea/RecommendationScroll/RecommendationGrid/@Button@204 font_size actual=20
MW-022 PASS effective >=20 /root/Main/Margin/Layout/HostLayout/NarrativeHost/NarrativeMargin/NarrativeColumn/RecommendationArea/RecommendationScroll/RecommendationGrid/@Button@205 font_size actual=20
MW-022 PASS effective >=20 /root/Main/Margin/Layout/HostLayout/NarrativeHost/NarrativeMargin/NarrativeColumn/RecommendationArea/RecommendationScroll/RecommendationGrid/@Button@206 font_size actual=20
MW-022 PASS effective >=20 /root/Main/Margin/Layout/HostLayout/NarrativeHost/NarrativeMargin/NarrativeColumn/RecommendationArea/RecommendationScroll/RecommendationGrid/@Button@207 font_size actual=20
MW-022 PASS effective >=20 /root/Main/Margin/Layout/HostLayout/NarrativeHost/NarrativeMargin/NarrativeColumn/ComposerRow/PlayerInput font_size actual=20
MW-022 PASS effective >=20 /root/Main/Margin/Layout/HostLayout/NarrativeHost/NarrativeMargin/NarrativeColumn/ComposerRow/ComposerButtons/SendButton font_size actual=20
MW-022 PASS effective >=20 /root/Main/Margin/Layout/HostLayout/NarrativeHost/NarrativeMargin/NarrativeColumn/ComposerRow/ComposerButtons/CancelButton font_size actual=20
MW-022 PASS effective >=20 /root/Main/Margin/Layout/HostLayout/NarrativeHost/NarrativeMargin/NarrativeColumn/TurnFooter/RegenerateButton font_size actual=20
MW-022 PASS effective >=20 /root/Main/Margin/Layout/HostLayout/WorldSurfaceHost/WorldPanelMargin/WorldPanelColumn/WorldHeader font_size actual=20
MW-022 PASS effective >=20 /root/Main/Margin/Layout/HostLayout/WorldSurfaceHost/WorldPanelMargin/WorldPanelColumn/WorldNav/OverviewTab font_size actual=20
MW-022 PASS effective >=20 /root/Main/Margin/Layout/HostLayout/WorldSurfaceHost/WorldPanelMargin/WorldPanelColumn/WorldNav/CharacterTab font_size actual=20
MW-022 PASS effective >=20 /root/Main/Margin/Layout/HostLayout/WorldSurfaceHost/WorldPanelMargin/WorldPanelColumn/WorldNav/ExperiencesTab font_size actual=20
MW-022 PASS effective >=20 /root/Main/Margin/Layout/HostLayout/WorldSurfaceHost/WorldPanelMargin/WorldPanelColumn/WorldNav/PeopleTab font_size actual=20
MW-022 PASS effective >=20 /root/Main/Margin/Layout/HostLayout/WorldSurfaceHost/WorldPanelMargin/WorldPanelColumn/WorldNav/SaveTab font_size actual=20
MW-022 PASS effective >=20 /root/Main/Margin/Layout/HostLayout/WorldSurfaceHost/WorldPanelMargin/WorldPanelColumn/WorldSurfaceScroll/WorldSurfaceColumn/@VBoxContainer@134/@Label@178 font_size actual=20
MW-022 PASS effective >=20 /root/Main/Margin/Layout/HostLayout/WorldSurfaceHost/WorldPanelMargin/WorldPanelColumn/WorldSurfaceScroll/WorldSurfaceColumn/@VBoxContainer@134/@Label@179 font_size actual=20
MW-022 PASS effective >=20 /root/Main/Margin/Layout/HostLayout/WorldSurfaceHost/WorldPanelMargin/WorldPanelColumn/WorldSurfaceScroll/WorldSurfaceColumn/@VBoxContainer@134/@Label@180 font_size actual=20
MW-022 PASS effective >=20 /root/Main/Margin/Layout/HostLayout/WorldSurfaceHost/WorldPanelMargin/WorldPanelColumn/WorldSurfaceScroll/WorldSurfaceColumn/@VBoxContainer@134/@Label@181 font_size actual=20
MW-022 PASS effective >=20 /root/Main/Margin/Layout/BottomBar/StatusLabel font_size actual=20
LAYOUT 1920x1080-OverviewTab narrative=[P: (48.0, 108.0), S: (1312.0, 498.0)] composer=[P: (48.0, 806.0), S: (1232.0, 162.0)]
MW-022 PASS composer and Narrative fit 1920x1080-OverviewTab
MW-022 PASS accessible nav 1920x1080-OverviewTabOverviewTab
MW-022 PASS accessible nav 1920x1080-OverviewTabCharacterTab
MW-022 PASS accessible nav 1920x1080-OverviewTabExperiencesTab
MW-022 PASS accessible nav 1920x1080-OverviewTabPeopleTab
MW-022 PASS accessible nav 1920x1080-OverviewTabSaveTab
MW-022 PASS no horizontal host overflow 1920x1080-OverviewTab
MW-022 PASS effective >=20 /root/Main/Margin/Layout/TopBar/TitleBox/Title font_size actual=28
MW-022 PASS effective >=20 /root/Main/Margin/Layout/TopBar/TitleBox/Subtitle font_size actual=20
MW-022 PASS effective >=20 /root/Main/Margin/Layout/TopBar/DebugToggle font_size actual=20
MW-022 PASS effective >=20 /root/Main/Margin/Layout/TopBar/ExitButton font_size actual=20
MW-022 PASS effective >=20 /root/Main/Margin/Layout/TopBar/ReturnMenuButton font_size actual=20
MW-022 PASS effective >=20 /root/Main/Margin/Layout/HostLayout/NarrativeHost/NarrativeMargin/NarrativeColumn/NarrativeScroll/EntriesCenter/Entries/@VBoxContainer@117/@HBoxContainer@113/@Label@111 font_size actual=20
MW-022 PASS effective >=20 /root/Main/Margin/Layout/HostLayout/NarrativeHost/NarrativeMargin/NarrativeColumn/NarrativeScroll/EntriesCenter/Entries/@VBoxContainer@117/@HBoxContainer@113/@Label@112 font_size actual=20
MW-022 PASS effective >=20 /root/Main/Margin/Layout/HostLayout/NarrativeHost/NarrativeMargin/NarrativeColumn/NarrativeScroll/EntriesCenter/Entries/@VBoxContainer@117/@RichTextLabel@116 normal_font_size actual=20
MW-022 PASS effective >=20 /root/Main/Margin/Layout/HostLayout/NarrativeHost/NarrativeMargin/NarrativeColumn/NarrativeScroll/EntriesCenter/Entries/@VBoxContainer@117/@RichTextLabel@116 bold_font_size actual=20
MW-022 PASS effective >=20 /root/Main/Margin/Layout/HostLayout/NarrativeHost/NarrativeMargin/NarrativeColumn/NarrativeScroll/EntriesCenter/Entries/@VBoxContainer@117/@RichTextLabel@116 italics_font_size actual=20
MW-022 PASS effective >=20 /root/Main/Margin/Layout/HostLayout/NarrativeHost/NarrativeMargin/NarrativeColumn/NarrativeScroll/EntriesCenter/Entries/@VBoxContainer@117/@RichTextLabel@116 bold_italics_font_size actual=20
MW-022 PASS effective >=20 /root/Main/Margin/Layout/HostLayout/NarrativeHost/NarrativeMargin/NarrativeColumn/NarrativeScroll/EntriesCenter/Entries/@VBoxContainer@117/@RichTextLabel@116 mono_font_size actual=20
MW-022 PASS effective >=20 /root/Main/Margin/Layout/HostLayout/NarrativeHost/NarrativeMargin/NarrativeColumn/NarrativeScroll/EntriesCenter/Entries/@VBoxContainer@161/@Label@157 font_size actual=20
MW-022 PASS effective >=20 /root/Main/Margin/Layout/HostLayout/NarrativeHost/NarrativeMargin/NarrativeColumn/NarrativeScroll/EntriesCenter/Entries/@VBoxContainer@161/@RichTextLabel@160 normal_font_size actual=20
MW-022 PASS effective >=20 /root/Main/Margin/Layout/HostLayout/NarrativeHost/NarrativeMargin/NarrativeColumn/NarrativeScroll/EntriesCenter/Entries/@VBoxContainer@161/@RichTextLabel@160 bold_font_size actual=20
MW-022 PASS effective >=20 /root/Main/Margin/Layout/HostLayout/NarrativeHost/NarrativeMargin/NarrativeColumn/NarrativeScroll/EntriesCenter/Entries/@VBoxContainer@161/@RichTextLabel@160 italics_font_size actual=20
MW-022 PASS effective >=20 /root/Main/Margin/Layout/HostLayout/NarrativeHost/NarrativeMargin/NarrativeColumn/NarrativeScroll/EntriesCenter/Entries/@VBoxContainer@161/@RichTextLabel@160 bold_italics_font_size actual=20
MW-022 PASS effective >=20 /root/Main/Margin/Layout/HostLayout/NarrativeHost/NarrativeMargin/NarrativeColumn/NarrativeScroll/EntriesCenter/Entries/@VBoxContainer@161/@RichTextLabel@160 mono_font_size actual=20
MW-022 PASS effective >=20 /root/Main/Margin/Layout/HostLayout/NarrativeHost/NarrativeMargin/NarrativeColumn/NarrativeScroll/EntriesCenter/Entries/@VBoxContainer@168/@HBoxContainer@164/@Label@162 font_size actual=20
MW-022 PASS effective >=20 /root/Main/Margin/Layout/HostLayout/NarrativeHost/NarrativeMargin/NarrativeColumn/NarrativeScroll/EntriesCenter/Entries/@VBoxContainer@168/@HBoxContainer@164/@Label@163 font_size actual=20
MW-022 PASS effective >=20 /root/Main/Margin/Layout/HostLayout/NarrativeHost/NarrativeMargin/NarrativeColumn/NarrativeScroll/EntriesCenter/Entries/@VBoxContainer@168/@RichTextLabel@167 normal_font_size actual=20
MW-022 PASS effective >=20 /root/Main/Margin/Layout/HostLayout/NarrativeHost/NarrativeMargin/NarrativeColumn/NarrativeScroll/EntriesCenter/Entries/@VBoxContainer@168/@RichTextLabel@167 bold_font_size actual=20
MW-022 PASS effective >=20 /root/Main/Margin/Layout/HostLayout/NarrativeHost/NarrativeMargin/NarrativeColumn/NarrativeScroll/EntriesCenter/Entries/@VBoxContainer@168/@RichTextLabel@167 italics_font_size actual=20
MW-022 PASS effective >=20 /root/Main/Margin/Layout/HostLayout/NarrativeHost/NarrativeMargin/NarrativeColumn/NarrativeScroll/EntriesCenter/Entries/@VBoxContainer@168/@RichTextLabel@167 bold_italics_font_size actual=20
MW-022 PASS effective >=20 /root/Main/Margin/Layout/HostLayout/NarrativeHost/NarrativeMargin/NarrativeColumn/NarrativeScroll/EntriesCenter/Entries/@VBoxContainer@168/@RichTextLabel@167 mono_font_size actual=20
MW-022 PASS effective >=20 /root/Main/Margin/Layout/HostLayout/NarrativeHost/NarrativeMargin/NarrativeColumn/RecommendationArea/RecommendationHeading font_size actual=20
MW-022 PASS effective >=20 /root/Main/Margin/Layout/HostLayout/NarrativeHost/NarrativeMargin/NarrativeColumn/RecommendationArea/RecommendationScroll/RecommendationGrid/@Button@203 font_size actual=20
MW-022 PASS effective >=20 /root/Main/Margin/Layout/HostLayout/NarrativeHost/NarrativeMargin/NarrativeColumn/RecommendationArea/RecommendationScroll/RecommendationGrid/@Button@204 font_size actual=20
MW-022 PASS effective >=20 /root/Main/Margin/Layout/HostLayout/NarrativeHost/NarrativeMargin/NarrativeColumn/RecommendationArea/RecommendationScroll/RecommendationGrid/@Button@205 font_size actual=20
MW-022 PASS effective >=20 /root/Main/Margin/Layout/HostLayout/NarrativeHost/NarrativeMargin/NarrativeColumn/RecommendationArea/RecommendationScroll/RecommendationGrid/@Button@206 font_size actual=20
MW-022 PASS effective >=20 /root/Main/Margin/Layout/HostLayout/NarrativeHost/NarrativeMargin/NarrativeColumn/RecommendationArea/RecommendationScroll/RecommendationGrid/@Button@207 font_size actual=20
MW-022 PASS effective >=20 /root/Main/Margin/Layout/HostLayout/NarrativeHost/NarrativeMargin/NarrativeColumn/ComposerRow/PlayerInput font_size actual=20
MW-022 PASS effective >=20 /root/Main/Margin/Layout/HostLayout/NarrativeHost/NarrativeMargin/NarrativeColumn/ComposerRow/ComposerButtons/SendButton font_size actual=20
MW-022 PASS effective >=20 /root/Main/Margin/Layout/HostLayout/NarrativeHost/NarrativeMargin/NarrativeColumn/ComposerRow/ComposerButtons/CancelButton font_size actual=20
MW-022 PASS effective >=20 /root/Main/Margin/Layout/HostLayout/NarrativeHost/NarrativeMargin/NarrativeColumn/TurnFooter/RegenerateButton font_size actual=20
MW-022 PASS effective >=20 /root/Main/Margin/Layout/HostLayout/WorldSurfaceHost/WorldPanelMargin/WorldPanelColumn/WorldHeader font_size actual=20
MW-022 PASS effective >=20 /root/Main/Margin/Layout/HostLayout/WorldSurfaceHost/WorldPanelMargin/WorldPanelColumn/WorldNav/OverviewTab font_size actual=20
MW-022 PASS effective >=20 /root/Main/Margin/Layout/HostLayout/WorldSurfaceHost/WorldPanelMargin/WorldPanelColumn/WorldNav/CharacterTab font_size actual=20
MW-022 PASS effective >=20 /root/Main/Margin/Layout/HostLayout/WorldSurfaceHost/WorldPanelMargin/WorldPanelColumn/WorldNav/ExperiencesTab font_size actual=20
MW-022 PASS effective >=20 /root/Main/Margin/Layout/HostLayout/WorldSurfaceHost/WorldPanelMargin/WorldPanelColumn/WorldNav/PeopleTab font_size actual=20
MW-022 PASS effective >=20 /root/Main/Margin/Layout/HostLayout/WorldSurfaceHost/WorldPanelMargin/WorldPanelColumn/WorldNav/SaveTab font_size actual=20
MW-022 PASS effective >=20 /root/Main/Margin/Layout/HostLayout/WorldSurfaceHost/WorldPanelMargin/WorldPanelColumn/WorldSurfaceScroll/WorldSurfaceColumn/@VBoxContainer@139/@Label@188 font_size actual=20
MW-022 PASS effective >=20 /root/Main/Margin/Layout/HostLayout/WorldSurfaceHost/WorldPanelMargin/WorldPanelColumn/WorldSurfaceScroll/WorldSurfaceColumn/@VBoxContainer@139/@Label@189 font_size actual=20
MW-022 PASS effective >=20 /root/Main/Margin/Layout/HostLayout/WorldSurfaceHost/WorldPanelMargin/WorldPanelColumn/WorldSurfaceScroll/WorldSurfaceColumn/@VBoxContainer@139/@Label@190 font_size actual=20
MW-022 PASS effective >=20 /root/Main/Margin/Layout/HostLayout/WorldSurfaceHost/WorldPanelMargin/WorldPanelColumn/WorldSurfaceScroll/WorldSurfaceColumn/@VBoxContainer@139/@Label@191 font_size actual=20
MW-022 PASS effective >=20 /root/Main/Margin/Layout/BottomBar/StatusLabel font_size actual=20
LAYOUT 1920x1080-CharacterTab narrative=[P: (48.0, 108.0), S: (1312.0, 498.0)] composer=[P: (48.0, 806.0), S: (1232.0, 162.0)]
MW-022 PASS composer and Narrative fit 1920x1080-CharacterTab
MW-022 PASS accessible nav 1920x1080-CharacterTabOverviewTab
MW-022 PASS accessible nav 1920x1080-CharacterTabCharacterTab
MW-022 PASS accessible nav 1920x1080-CharacterTabExperiencesTab
MW-022 PASS accessible nav 1920x1080-CharacterTabPeopleTab
MW-022 PASS accessible nav 1920x1080-CharacterTabSaveTab
MW-022 PASS no horizontal host overflow 1920x1080-CharacterTab
MW-022 PASS effective >=20 /root/Main/Margin/Layout/TopBar/TitleBox/Title font_size actual=28
MW-022 PASS effective >=20 /root/Main/Margin/Layout/TopBar/TitleBox/Subtitle font_size actual=20
MW-022 PASS effective >=20 /root/Main/Margin/Layout/TopBar/DebugToggle font_size actual=20
MW-022 PASS effective >=20 /root/Main/Margin/Layout/TopBar/ExitButton font_size actual=20
MW-022 PASS effective >=20 /root/Main/Margin/Layout/TopBar/ReturnMenuButton font_size actual=20
MW-022 PASS effective >=20 /root/Main/Margin/Layout/HostLayout/NarrativeHost/NarrativeMargin/NarrativeColumn/NarrativeScroll/EntriesCenter/Entries/@VBoxContainer@117/@HBoxContainer@113/@Label@111 font_size actual=20
MW-022 PASS effective >=20 /root/Main/Margin/Layout/HostLayout/NarrativeHost/NarrativeMargin/NarrativeColumn/NarrativeScroll/EntriesCenter/Entries/@VBoxContainer@117/@HBoxContainer@113/@Label@112 font_size actual=20
MW-022 PASS effective >=20 /root/Main/Margin/Layout/HostLayout/NarrativeHost/NarrativeMargin/NarrativeColumn/NarrativeScroll/EntriesCenter/Entries/@VBoxContainer@117/@RichTextLabel@116 normal_font_size actual=20
MW-022 PASS effective >=20 /root/Main/Margin/Layout/HostLayout/NarrativeHost/NarrativeMargin/NarrativeColumn/NarrativeScroll/EntriesCenter/Entries/@VBoxContainer@117/@RichTextLabel@116 bold_font_size actual=20
MW-022 PASS effective >=20 /root/Main/Margin/Layout/HostLayout/NarrativeHost/NarrativeMargin/NarrativeColumn/NarrativeScroll/EntriesCenter/Entries/@VBoxContainer@117/@RichTextLabel@116 italics_font_size actual=20
MW-022 PASS effective >=20 /root/Main/Margin/Layout/HostLayout/NarrativeHost/NarrativeMargin/NarrativeColumn/NarrativeScroll/EntriesCenter/Entries/@VBoxContainer@117/@RichTextLabel@116 bold_italics_font_size actual=20
MW-022 PASS effective >=20 /root/Main/Margin/Layout/HostLayout/NarrativeHost/NarrativeMargin/NarrativeColumn/NarrativeScroll/EntriesCenter/Entries/@VBoxContainer@117/@RichTextLabel@116 mono_font_size actual=20
MW-022 PASS effective >=20 /root/Main/Margin/Layout/HostLayout/NarrativeHost/NarrativeMargin/NarrativeColumn/NarrativeScroll/EntriesCenter/Entries/@VBoxContainer@161/@Label@157 font_size actual=20
MW-022 PASS effective >=20 /root/Main/Margin/Layout/HostLayout/NarrativeHost/NarrativeMargin/NarrativeColumn/NarrativeScroll/EntriesCenter/Entries/@VBoxContainer@161/@RichTextLabel@160 normal_font_size actual=20
MW-022 PASS effective >=20 /root/Main/Margin/Layout/HostLayout/NarrativeHost/NarrativeMargin/NarrativeColumn/NarrativeScroll/EntriesCenter/Entries/@VBoxContainer@161/@RichTextLabel@160 bold_font_size actual=20
MW-022 PASS effective >=20 /root/Main/Margin/Layout/HostLayout/NarrativeHost/NarrativeMargin/NarrativeColumn/NarrativeScroll/EntriesCenter/Entries/@VBoxContainer@161/@RichTextLabel@160 italics_font_size actual=20
MW-022 PASS effective >=20 /root/Main/Margin/Layout/HostLayout/NarrativeHost/NarrativeMargin/NarrativeColumn/NarrativeScroll/EntriesCenter/Entries/@VBoxContainer@161/@RichTextLabel@160 bold_italics_font_size actual=20
MW-022 PASS effective >=20 /root/Main/Margin/Layout/HostLayout/NarrativeHost/NarrativeMargin/NarrativeColumn/NarrativeScroll/EntriesCenter/Entries/@VBoxContainer@161/@RichTextLabel@160 mono_font_size actual=20
MW-022 PASS effective >=20 /root/Main/Margin/Layout/HostLayout/NarrativeHost/NarrativeMargin/NarrativeColumn/NarrativeScroll/EntriesCenter/Entries/@VBoxContainer@168/@HBoxContainer@164/@Label@162 font_size actual=20
MW-022 PASS effective >=20 /root/Main/Margin/Layout/HostLayout/NarrativeHost/NarrativeMargin/NarrativeColumn/NarrativeScroll/EntriesCenter/Entries/@VBoxContainer@168/@HBoxContainer@164/@Label@163 font_size actual=20
MW-022 PASS effective >=20 /root/Main/Margin/Layout/HostLayout/NarrativeHost/NarrativeMargin/NarrativeColumn/NarrativeScroll/EntriesCenter/Entries/@VBoxContainer@168/@RichTextLabel@167 normal_font_size actual=20
MW-022 PASS effective >=20 /root/Main/Margin/Layout/HostLayout/NarrativeHost/NarrativeMargin/NarrativeColumn/NarrativeScroll/EntriesCenter/Entries/@VBoxContainer@168/@RichTextLabel@167 bold_font_size actual=20
MW-022 PASS effective >=20 /root/Main/Margin/Layout/HostLayout/NarrativeHost/NarrativeMargin/NarrativeColumn/NarrativeScroll/EntriesCenter/Entries/@VBoxContainer@168/@RichTextLabel@167 italics_font_size actual=20
MW-022 PASS effective >=20 /root/Main/Margin/Layout/HostLayout/NarrativeHost/NarrativeMargin/NarrativeColumn/NarrativeScroll/EntriesCenter/Entries/@VBoxContainer@168/@RichTextLabel@167 bold_italics_font_size actual=20
MW-022 PASS effective >=20 /root/Main/Margin/Layout/HostLayout/NarrativeHost/NarrativeMargin/NarrativeColumn/NarrativeScroll/EntriesCenter/Entries/@VBoxContainer@168/@RichTextLabel@167 mono_font_size actual=20
MW-022 PASS effective >=20 /root/Main/Margin/Layout/HostLayout/NarrativeHost/NarrativeMargin/NarrativeColumn/RecommendationArea/RecommendationHeading font_size actual=20
MW-022 PASS effective >=20 /root/Main/Margin/Layout/HostLayout/NarrativeHost/NarrativeMargin/NarrativeColumn/RecommendationArea/RecommendationScroll/RecommendationGrid/@Button@203 font_size actual=20
MW-022 PASS effective >=20 /root/Main/Margin/Layout/HostLayout/NarrativeHost/NarrativeMargin/NarrativeColumn/RecommendationArea/RecommendationScroll/RecommendationGrid/@Button@204 font_size actual=20
MW-022 PASS effective >=20 /root/Main/Margin/Layout/HostLayout/NarrativeHost/NarrativeMargin/NarrativeColumn/RecommendationArea/RecommendationScroll/RecommendationGrid/@Button@205 font_size actual=20
MW-022 PASS effective >=20 /root/Main/Margin/Layout/HostLayout/NarrativeHost/NarrativeMargin/NarrativeColumn/RecommendationArea/RecommendationScroll/RecommendationGrid/@Button@206 font_size actual=20
MW-022 PASS effective >=20 /root/Main/Margin/Layout/HostLayout/NarrativeHost/NarrativeMargin/NarrativeColumn/RecommendationArea/RecommendationScroll/RecommendationGrid/@Button@207 font_size actual=20
MW-022 PASS effective >=20 /root/Main/Margin/Layout/HostLayout/NarrativeHost/NarrativeMargin/NarrativeColumn/ComposerRow/PlayerInput font_size actual=20
MW-022 PASS effective >=20 /root/Main/Margin/Layout/HostLayout/NarrativeHost/NarrativeMargin/NarrativeColumn/ComposerRow/ComposerButtons/SendButton font_size actual=20
MW-022 PASS effective >=20 /root/Main/Margin/Layout/HostLayout/NarrativeHost/NarrativeMargin/NarrativeColumn/ComposerRow/ComposerButtons/CancelButton font_size actual=20
MW-022 PASS effective >=20 /root/Main/Margin/Layout/HostLayout/NarrativeHost/NarrativeMargin/NarrativeColumn/TurnFooter/RegenerateButton font_size actual=20
MW-022 PASS effective >=20 /root/Main/Margin/Layout/HostLayout/WorldSurfaceHost/WorldPanelMargin/WorldPanelColumn/WorldHeader font_size actual=20
MW-022 PASS effective >=20 /root/Main/Margin/Layout/HostLayout/WorldSurfaceHost/WorldPanelMargin/WorldPanelColumn/WorldNav/OverviewTab font_size actual=20
MW-022 PASS effective >=20 /root/Main/Margin/Layout/HostLayout/WorldSurfaceHost/WorldPanelMargin/WorldPanelColumn/WorldNav/CharacterTab font_size actual=20
MW-022 PASS effective >=20 /root/Main/Margin/Layout/HostLayout/WorldSurfaceHost/WorldPanelMargin/WorldPanelColumn/WorldNav/ExperiencesTab font_size actual=20
MW-022 PASS effective >=20 /root/Main/Margin/Layout/HostLayout/WorldSurfaceHost/WorldPanelMargin/WorldPanelColumn/WorldNav/PeopleTab font_size actual=20
MW-022 PASS effective >=20 /root/Main/Margin/Layout/HostLayout/WorldSurfaceHost/WorldPanelMargin/WorldPanelColumn/WorldNav/SaveTab font_size actual=20
MW-022 PASS effective >=20 /root/Main/Margin/Layout/HostLayout/WorldSurfaceHost/WorldPanelMargin/WorldPanelColumn/WorldSurfaceScroll/WorldSurfaceColumn/@VBoxContainer@143/@Label@192 font_size actual=20
MW-022 PASS effective >=20 /root/Main/Margin/Layout/HostLayout/WorldSurfaceHost/WorldPanelMargin/WorldPanelColumn/WorldSurfaceScroll/WorldSurfaceColumn/@VBoxContainer@143/@Label@193 font_size actual=20
MW-022 PASS effective >=20 /root/Main/Margin/Layout/BottomBar/StatusLabel font_size actual=20
LAYOUT 1920x1080-ExperiencesTab narrative=[P: (48.0, 108.0), S: (1312.0, 498.0)] composer=[P: (48.0, 806.0), S: (1232.0, 162.0)]
MW-022 PASS composer and Narrative fit 1920x1080-ExperiencesTab
MW-022 PASS accessible nav 1920x1080-ExperiencesTabOverviewTab
MW-022 PASS accessible nav 1920x1080-ExperiencesTabCharacterTab
MW-022 PASS accessible nav 1920x1080-ExperiencesTabExperiencesTab
MW-022 PASS accessible nav 1920x1080-ExperiencesTabPeopleTab
MW-022 PASS accessible nav 1920x1080-ExperiencesTabSaveTab
MW-022 PASS no horizontal host overflow 1920x1080-ExperiencesTab
MW-022 PASS effective >=20 /root/Main/Margin/Layout/TopBar/TitleBox/Title font_size actual=28
MW-022 PASS effective >=20 /root/Main/Margin/Layout/TopBar/TitleBox/Subtitle font_size actual=20
MW-022 PASS effective >=20 /root/Main/Margin/Layout/TopBar/DebugToggle font_size actual=20
MW-022 PASS effective >=20 /root/Main/Margin/Layout/TopBar/ExitButton font_size actual=20
MW-022 PASS effective >=20 /root/Main/Margin/Layout/TopBar/ReturnMenuButton font_size actual=20
MW-022 PASS effective >=20 /root/Main/Margin/Layout/HostLayout/NarrativeHost/NarrativeMargin/NarrativeColumn/NarrativeScroll/EntriesCenter/Entries/@VBoxContainer@117/@HBoxContainer@113/@Label@111 font_size actual=20
MW-022 PASS effective >=20 /root/Main/Margin/Layout/HostLayout/NarrativeHost/NarrativeMargin/NarrativeColumn/NarrativeScroll/EntriesCenter/Entries/@VBoxContainer@117/@HBoxContainer@113/@Label@112 font_size actual=20
MW-022 PASS effective >=20 /root/Main/Margin/Layout/HostLayout/NarrativeHost/NarrativeMargin/NarrativeColumn/NarrativeScroll/EntriesCenter/Entries/@VBoxContainer@117/@RichTextLabel@116 normal_font_size actual=20
MW-022 PASS effective >=20 /root/Main/Margin/Layout/HostLayout/NarrativeHost/NarrativeMargin/NarrativeColumn/NarrativeScroll/EntriesCenter/Entries/@VBoxContainer@117/@RichTextLabel@116 bold_font_size actual=20
MW-022 PASS effective >=20 /root/Main/Margin/Layout/HostLayout/NarrativeHost/NarrativeMargin/NarrativeColumn/NarrativeScroll/EntriesCenter/Entries/@VBoxContainer@117/@RichTextLabel@116 italics_font_size actual=20
MW-022 PASS effective >=20 /root/Main/Margin/Layout/HostLayout/NarrativeHost/NarrativeMargin/NarrativeColumn/NarrativeScroll/EntriesCenter/Entries/@VBoxContainer@117/@RichTextLabel@116 bold_italics_font_size actual=20
MW-022 PASS effective >=20 /root/Main/Margin/Layout/HostLayout/NarrativeHost/NarrativeMargin/NarrativeColumn/NarrativeScroll/EntriesCenter/Entries/@VBoxContainer@117/@RichTextLabel@116 mono_font_size actual=20
MW-022 PASS effective >=20 /root/Main/Margin/Layout/HostLayout/NarrativeHost/NarrativeMargin/NarrativeColumn/NarrativeScroll/EntriesCenter/Entries/@VBoxContainer@161/@Label@157 font_size actual=20
MW-022 PASS effective >=20 /root/Main/Margin/Layout/HostLayout/NarrativeHost/NarrativeMargin/NarrativeColumn/NarrativeScroll/EntriesCenter/Entries/@VBoxContainer@161/@RichTextLabel@160 normal_font_size actual=20
MW-022 PASS effective >=20 /root/Main/Margin/Layout/HostLayout/NarrativeHost/NarrativeMargin/NarrativeColumn/NarrativeScroll/EntriesCenter/Entries/@VBoxContainer@161/@RichTextLabel@160 bold_font_size actual=20
MW-022 PASS effective >=20 /root/Main/Margin/Layout/HostLayout/NarrativeHost/NarrativeMargin/NarrativeColumn/NarrativeScroll/EntriesCenter/Entries/@VBoxContainer@161/@RichTextLabel@160 italics_font_size actual=20
MW-022 PASS effective >=20 /root/Main/Margin/Layout/HostLayout/NarrativeHost/NarrativeMargin/NarrativeColumn/NarrativeScroll/EntriesCenter/Entries/@VBoxContainer@161/@RichTextLabel@160 bold_italics_font_size actual=20
MW-022 PASS effective >=20 /root/Main/Margin/Layout/HostLayout/NarrativeHost/NarrativeMargin/NarrativeColumn/NarrativeScroll/EntriesCenter/Entries/@VBoxContainer@161/@RichTextLabel@160 mono_font_size actual=20
MW-022 PASS effective >=20 /root/Main/Margin/Layout/HostLayout/NarrativeHost/NarrativeMargin/NarrativeColumn/NarrativeScroll/EntriesCenter/Entries/@VBoxContainer@168/@HBoxContainer@164/@Label@162 font_size actual=20
MW-022 PASS effective >=20 /root/Main/Margin/Layout/HostLayout/NarrativeHost/NarrativeMargin/NarrativeColumn/NarrativeScroll/EntriesCenter/Entries/@VBoxContainer@168/@HBoxContainer@164/@Label@163 font_size actual=20
MW-022 PASS effective >=20 /root/Main/Margin/Layout/HostLayout/NarrativeHost/NarrativeMargin/NarrativeColumn/NarrativeScroll/EntriesCenter/Entries/@VBoxContainer@168/@RichTextLabel@167 normal_font_size actual=20
MW-022 PASS effective >=20 /root/Main/Margin/Layout/HostLayout/NarrativeHost/NarrativeMargin/NarrativeColumn/NarrativeScroll/EntriesCenter/Entries/@VBoxContainer@168/@RichTextLabel@167 bold_font_size actual=20
MW-022 PASS effective >=20 /root/Main/Margin/Layout/HostLayout/NarrativeHost/NarrativeMargin/NarrativeColumn/NarrativeScroll/EntriesCenter/Entries/@VBoxContainer@168/@RichTextLabel@167 italics_font_size actual=20
MW-022 PASS effective >=20 /root/Main/Margin/Layout/HostLayout/NarrativeHost/NarrativeMargin/NarrativeColumn/NarrativeScroll/EntriesCenter/Entries/@VBoxContainer@168/@RichTextLabel@167 bold_italics_font_size actual=20
MW-022 PASS effective >=20 /root/Main/Margin/Layout/HostLayout/NarrativeHost/NarrativeMargin/NarrativeColumn/NarrativeScroll/EntriesCenter/Entries/@VBoxContainer@168/@RichTextLabel@167 mono_font_size actual=20
MW-022 PASS effective >=20 /root/Main/Margin/Layout/HostLayout/NarrativeHost/NarrativeMargin/NarrativeColumn/RecommendationArea/RecommendationHeading font_size actual=20
MW-022 PASS effective >=20 /root/Main/Margin/Layout/HostLayout/NarrativeHost/NarrativeMargin/NarrativeColumn/RecommendationArea/RecommendationScroll/RecommendationGrid/@Button@203 font_size actual=20
MW-022 PASS effective >=20 /root/Main/Margin/Layout/HostLayout/NarrativeHost/NarrativeMargin/NarrativeColumn/RecommendationArea/RecommendationScroll/RecommendationGrid/@Button@204 font_size actual=20
MW-022 PASS effective >=20 /root/Main/Margin/Layout/HostLayout/NarrativeHost/NarrativeMargin/NarrativeColumn/RecommendationArea/RecommendationScroll/RecommendationGrid/@Button@205 font_size actual=20
MW-022 PASS effective >=20 /root/Main/Margin/Layout/HostLayout/NarrativeHost/NarrativeMargin/NarrativeColumn/RecommendationArea/RecommendationScroll/RecommendationGrid/@Button@206 font_size actual=20
MW-022 PASS effective >=20 /root/Main/Margin/Layout/HostLayout/NarrativeHost/NarrativeMargin/NarrativeColumn/RecommendationArea/RecommendationScroll/RecommendationGrid/@Button@207 font_size actual=20
MW-022 PASS effective >=20 /root/Main/Margin/Layout/HostLayout/NarrativeHost/NarrativeMargin/NarrativeColumn/ComposerRow/PlayerInput font_size actual=20
MW-022 PASS effective >=20 /root/Main/Margin/Layout/HostLayout/NarrativeHost/NarrativeMargin/NarrativeColumn/ComposerRow/ComposerButtons/SendButton font_size actual=20
MW-022 PASS effective >=20 /root/Main/Margin/Layout/HostLayout/NarrativeHost/NarrativeMargin/NarrativeColumn/ComposerRow/ComposerButtons/CancelButton font_size actual=20
MW-022 PASS effective >=20 /root/Main/Margin/Layout/HostLayout/NarrativeHost/NarrativeMargin/NarrativeColumn/TurnFooter/RegenerateButton font_size actual=20
MW-022 PASS effective >=20 /root/Main/Margin/Layout/HostLayout/WorldSurfaceHost/WorldPanelMargin/WorldPanelColumn/WorldHeader font_size actual=20
MW-022 PASS effective >=20 /root/Main/Margin/Layout/HostLayout/WorldSurfaceHost/WorldPanelMargin/WorldPanelColumn/WorldNav/OverviewTab font_size actual=20
MW-022 PASS effective >=20 /root/Main/Margin/Layout/HostLayout/WorldSurfaceHost/WorldPanelMargin/WorldPanelColumn/WorldNav/CharacterTab font_size actual=20
MW-022 PASS effective >=20 /root/Main/Margin/Layout/HostLayout/WorldSurfaceHost/WorldPanelMargin/WorldPanelColumn/WorldNav/ExperiencesTab font_size actual=20
MW-022 PASS effective >=20 /root/Main/Margin/Layout/HostLayout/WorldSurfaceHost/WorldPanelMargin/WorldPanelColumn/WorldNav/PeopleTab font_size actual=20
MW-022 PASS effective >=20 /root/Main/Margin/Layout/HostLayout/WorldSurfaceHost/WorldPanelMargin/WorldPanelColumn/WorldNav/SaveTab font_size actual=20
MW-022 PASS effective >=20 /root/Main/Margin/Layout/HostLayout/WorldSurfaceHost/WorldPanelMargin/WorldPanelColumn/WorldSurfaceScroll/WorldSurfaceColumn/@VBoxContainer@145/@PanelContainer@194/@MarginContainer@195/@VBoxContainer@196/@Button@197 font_size actual=20
MW-022 PASS effective >=20 /root/Main/Margin/Layout/HostLayout/WorldSurfaceHost/WorldPanelMargin/WorldPanelColumn/WorldSurfaceScroll/WorldSurfaceColumn/@VBoxContainer@145/@PanelContainer@194/@MarginContainer@195/@VBoxContainer@196/@Label@198 font_size actual=20
MW-022 PASS effective >=20 /root/Main/Margin/Layout/HostLayout/WorldSurfaceHost/WorldPanelMargin/WorldPanelColumn/WorldSurfaceScroll/WorldSurfaceColumn/@VBoxContainer@145/@PanelContainer@194/@MarginContainer@195/@VBoxContainer@196/@VBoxContainer@199/@Label@200 font_size actual=20
MW-022 PASS effective >=20 /root/Main/Margin/Layout/HostLayout/WorldSurfaceHost/WorldPanelMargin/WorldPanelColumn/WorldSurfaceScroll/WorldSurfaceColumn/@VBoxContainer@145/@PanelContainer@194/@MarginContainer@195/@VBoxContainer@196/@VBoxContainer@199/@Label@201 font_size actual=20
MW-022 PASS effective >=20 /root/Main/Margin/Layout/HostLayout/WorldSurfaceHost/WorldPanelMargin/WorldPanelColumn/WorldSurfaceScroll/WorldSurfaceColumn/@VBoxContainer@145/@PanelContainer@194/@MarginContainer@195/@VBoxContainer@196/@VBoxContainer@199/@Label@202 font_size actual=20
MW-022 PASS effective >=20 /root/Main/Margin/Layout/BottomBar/StatusLabel font_size actual=20
LAYOUT 1920x1080-PeopleTab narrative=[P: (48.0, 108.0), S: (1312.0, 498.0)] composer=[P: (48.0, 806.0), S: (1232.0, 162.0)]
MW-022 PASS composer and Narrative fit 1920x1080-PeopleTab
MW-022 PASS accessible nav 1920x1080-PeopleTabOverviewTab
MW-022 PASS accessible nav 1920x1080-PeopleTabCharacterTab
MW-022 PASS accessible nav 1920x1080-PeopleTabExperiencesTab
MW-022 PASS accessible nav 1920x1080-PeopleTabPeopleTab
MW-022 PASS accessible nav 1920x1080-PeopleTabSaveTab
MW-022 PASS no horizontal host overflow 1920x1080-PeopleTab
MW-022 PASS effective >=20 /root/Main/Margin/Layout/TopBar/TitleBox/Title font_size actual=28
MW-022 PASS effective >=20 /root/Main/Margin/Layout/TopBar/TitleBox/Subtitle font_size actual=20
MW-022 PASS effective >=20 /root/Main/Margin/Layout/TopBar/DebugToggle font_size actual=20
MW-022 PASS effective >=20 /root/Main/Margin/Layout/TopBar/ExitButton font_size actual=20
MW-022 PASS effective >=20 /root/Main/Margin/Layout/TopBar/ReturnMenuButton font_size actual=20
MW-022 PASS effective >=20 /root/Main/Margin/Layout/HostLayout/NarrativeHost/NarrativeMargin/NarrativeColumn/NarrativeScroll/EntriesCenter/Entries/@VBoxContainer@117/@HBoxContainer@113/@Label@111 font_size actual=20
MW-022 PASS effective >=20 /root/Main/Margin/Layout/HostLayout/NarrativeHost/NarrativeMargin/NarrativeColumn/NarrativeScroll/EntriesCenter/Entries/@VBoxContainer@117/@HBoxContainer@113/@Label@112 font_size actual=20
MW-022 PASS effective >=20 /root/Main/Margin/Layout/HostLayout/NarrativeHost/NarrativeMargin/NarrativeColumn/NarrativeScroll/EntriesCenter/Entries/@VBoxContainer@117/@RichTextLabel@116 normal_font_size actual=20
MW-022 PASS effective >=20 /root/Main/Margin/Layout/HostLayout/NarrativeHost/NarrativeMargin/NarrativeColumn/NarrativeScroll/EntriesCenter/Entries/@VBoxContainer@117/@RichTextLabel@116 bold_font_size actual=20
MW-022 PASS effective >=20 /root/Main/Margin/Layout/HostLayout/NarrativeHost/NarrativeMargin/NarrativeColumn/NarrativeScroll/EntriesCenter/Entries/@VBoxContainer@117/@RichTextLabel@116 italics_font_size actual=20
MW-022 PASS effective >=20 /root/Main/Margin/Layout/HostLayout/NarrativeHost/NarrativeMargin/NarrativeColumn/NarrativeScroll/EntriesCenter/Entries/@VBoxContainer@117/@RichTextLabel@116 bold_italics_font_size actual=20
MW-022 PASS effective >=20 /root/Main/Margin/Layout/HostLayout/NarrativeHost/NarrativeMargin/NarrativeColumn/NarrativeScroll/EntriesCenter/Entries/@VBoxContainer@117/@RichTextLabel@116 mono_font_size actual=20
MW-022 PASS effective >=20 /root/Main/Margin/Layout/HostLayout/NarrativeHost/NarrativeMargin/NarrativeColumn/NarrativeScroll/EntriesCenter/Entries/@VBoxContainer@161/@Label@157 font_size actual=20
MW-022 PASS effective >=20 /root/Main/Margin/Layout/HostLayout/NarrativeHost/NarrativeMargin/NarrativeColumn/NarrativeScroll/EntriesCenter/Entries/@VBoxContainer@161/@RichTextLabel@160 normal_font_size actual=20
MW-022 PASS effective >=20 /root/Main/Margin/Layout/HostLayout/NarrativeHost/NarrativeMargin/NarrativeColumn/NarrativeScroll/EntriesCenter/Entries/@VBoxContainer@161/@RichTextLabel@160 bold_font_size actual=20
MW-022 PASS effective >=20 /root/Main/Margin/Layout/HostLayout/NarrativeHost/NarrativeMargin/NarrativeColumn/NarrativeScroll/EntriesCenter/Entries/@VBoxContainer@161/@RichTextLabel@160 italics_font_size actual=20
MW-022 PASS effective >=20 /root/Main/Margin/Layout/HostLayout/NarrativeHost/NarrativeMargin/NarrativeColumn/NarrativeScroll/EntriesCenter/Entries/@VBoxContainer@161/@RichTextLabel@160 bold_italics_font_size actual=20
MW-022 PASS effective >=20 /root/Main/Margin/Layout/HostLayout/NarrativeHost/NarrativeMargin/NarrativeColumn/NarrativeScroll/EntriesCenter/Entries/@VBoxContainer@161/@RichTextLabel@160 mono_font_size actual=20
MW-022 PASS effective >=20 /root/Main/Margin/Layout/HostLayout/NarrativeHost/NarrativeMargin/NarrativeColumn/NarrativeScroll/EntriesCenter/Entries/@VBoxContainer@168/@HBoxContainer@164/@Label@162 font_size actual=20
MW-022 PASS effective >=20 /root/Main/Margin/Layout/HostLayout/NarrativeHost/NarrativeMargin/NarrativeColumn/NarrativeScroll/EntriesCenter/Entries/@VBoxContainer@168/@HBoxContainer@164/@Label@163 font_size actual=20
MW-022 PASS effective >=20 /root/Main/Margin/Layout/HostLayout/NarrativeHost/NarrativeMargin/NarrativeColumn/NarrativeScroll/EntriesCenter/Entries/@VBoxContainer@168/@RichTextLabel@167 normal_font_size actual=20
MW-022 PASS effective >=20 /root/Main/Margin/Layout/HostLayout/NarrativeHost/NarrativeMargin/NarrativeColumn/NarrativeScroll/EntriesCenter/Entries/@VBoxContainer@168/@RichTextLabel@167 bold_font_size actual=20
MW-022 PASS effective >=20 /root/Main/Margin/Layout/HostLayout/NarrativeHost/NarrativeMargin/NarrativeColumn/NarrativeScroll/EntriesCenter/Entries/@VBoxContainer@168/@RichTextLabel@167 italics_font_size actual=20
MW-022 PASS effective >=20 /root/Main/Margin/Layout/HostLayout/NarrativeHost/NarrativeMargin/NarrativeColumn/NarrativeScroll/EntriesCenter/Entries/@VBoxContainer@168/@RichTextLabel@167 bold_italics_font_size actual=20
MW-022 PASS effective >=20 /root/Main/Margin/Layout/HostLayout/NarrativeHost/NarrativeMargin/NarrativeColumn/NarrativeScroll/EntriesCenter/Entries/@VBoxContainer@168/@RichTextLabel@167 mono_font_size actual=20
MW-022 PASS effective >=20 /root/Main/Margin/Layout/HostLayout/NarrativeHost/NarrativeMargin/NarrativeColumn/RecommendationArea/RecommendationHeading font_size actual=20
MW-022 PASS effective >=20 /root/Main/Margin/Layout/HostLayout/NarrativeHost/NarrativeMargin/NarrativeColumn/RecommendationArea/RecommendationScroll/RecommendationGrid/@Button@203 font_size actual=20
MW-022 PASS effective >=20 /root/Main/Margin/Layout/HostLayout/NarrativeHost/NarrativeMargin/NarrativeColumn/RecommendationArea/RecommendationScroll/RecommendationGrid/@Button@204 font_size actual=20
MW-022 PASS effective >=20 /root/Main/Margin/Layout/HostLayout/NarrativeHost/NarrativeMargin/NarrativeColumn/RecommendationArea/RecommendationScroll/RecommendationGrid/@Button@205 font_size actual=20
MW-022 PASS effective >=20 /root/Main/Margin/Layout/HostLayout/NarrativeHost/NarrativeMargin/NarrativeColumn/RecommendationArea/RecommendationScroll/RecommendationGrid/@Button@206 font_size actual=20
MW-022 PASS effective >=20 /root/Main/Margin/Layout/HostLayout/NarrativeHost/NarrativeMargin/NarrativeColumn/RecommendationArea/RecommendationScroll/RecommendationGrid/@Button@207 font_size actual=20
MW-022 PASS effective >=20 /root/Main/Margin/Layout/HostLayout/NarrativeHost/NarrativeMargin/NarrativeColumn/ComposerRow/PlayerInput font_size actual=20
MW-022 PASS effective >=20 /root/Main/Margin/Layout/HostLayout/NarrativeHost/NarrativeMargin/NarrativeColumn/ComposerRow/ComposerButtons/SendButton font_size actual=20
MW-022 PASS effective >=20 /root/Main/Margin/Layout/HostLayout/NarrativeHost/NarrativeMargin/NarrativeColumn/ComposerRow/ComposerButtons/CancelButton font_size actual=20
MW-022 PASS effective >=20 /root/Main/Margin/Layout/HostLayout/NarrativeHost/NarrativeMargin/NarrativeColumn/TurnFooter/RegenerateButton font_size actual=20
MW-022 PASS effective >=20 /root/Main/Margin/Layout/HostLayout/WorldSurfaceHost/WorldPanelMargin/WorldPanelColumn/WorldHeader font_size actual=20
MW-022 PASS effective >=20 /root/Main/Margin/Layout/HostLayout/WorldSurfaceHost/WorldPanelMargin/WorldPanelColumn/WorldNav/OverviewTab font_size actual=20
MW-022 PASS effective >=20 /root/Main/Margin/Layout/HostLayout/WorldSurfaceHost/WorldPanelMargin/WorldPanelColumn/WorldNav/CharacterTab font_size actual=20
MW-022 PASS effective >=20 /root/Main/Margin/Layout/HostLayout/WorldSurfaceHost/WorldPanelMargin/WorldPanelColumn/WorldNav/ExperiencesTab font_size actual=20
MW-022 PASS effective >=20 /root/Main/Margin/Layout/HostLayout/WorldSurfaceHost/WorldPanelMargin/WorldPanelColumn/WorldNav/PeopleTab font_size actual=20
MW-022 PASS effective >=20 /root/Main/Margin/Layout/HostLayout/WorldSurfaceHost/WorldPanelMargin/WorldPanelColumn/WorldNav/SaveTab font_size actual=20
MW-022 PASS effective >=20 /root/Main/Margin/Layout/HostLayout/WorldSurfaceHost/WorldPanelMargin/WorldPanelColumn/SaveScroll/SaveSurface/SaveHeader font_size actual=20
MW-022 PASS effective >=20 /root/Main/Margin/Layout/HostLayout/WorldSurfaceHost/WorldPanelMargin/WorldPanelColumn/SaveScroll/SaveSurface/SaveHint font_size actual=20
MW-022 PASS effective >=20 /root/Main/Margin/Layout/HostLayout/WorldSurfaceHost/WorldPanelMargin/WorldPanelColumn/SaveScroll/SaveSurface/SaveNameInput font_size actual=20
MW-022 PASS effective >=20 /root/Main/Margin/Layout/HostLayout/WorldSurfaceHost/WorldPanelMargin/WorldPanelColumn/SaveScroll/SaveSurface/CreateSaveButton font_size actual=20
MW-022 PASS effective >=20 /root/Main/Margin/Layout/HostLayout/WorldSurfaceHost/WorldPanelMargin/WorldPanelColumn/SaveScroll/SaveSurface/SaveSelector font_size actual=20
MW-022 PASS effective >=20 /root/Main/Margin/Layout/HostLayout/WorldSurfaceHost/WorldPanelMargin/WorldPanelColumn/SaveScroll/SaveSurface/LoadSaveButton font_size actual=20
MW-022 PASS effective >=20 /root/Main/Margin/Layout/HostLayout/WorldSurfaceHost/WorldPanelMargin/WorldPanelColumn/SaveScroll/SaveSurface/SaveResultLabel font_size actual=20
MW-022 PASS effective >=20 /root/Main/Margin/Layout/BottomBar/StatusLabel font_size actual=20
SAVE GEOMETRY scroll=[P: (1416.0, 200.0), S: (460.0, 812.0)] body=[P: (1416.0, 200.0), S: (460.0, 320.0)] result=[P: (1416.0, 492.0), S: (460.0, 28.0)] bar=[P: (1876.0, 200.0), S: (18.0, 812.0)]
LAYOUT 1920x1080-SaveTab narrative=[P: (48.0, 108.0), S: (1312.0, 498.0)] composer=[P: (48.0, 806.0), S: (1232.0, 162.0)]
MW-022 PASS composer and Narrative fit 1920x1080-SaveTab
MW-022 PASS accessible nav 1920x1080-SaveTabOverviewTab
MW-022 PASS accessible nav 1920x1080-SaveTabCharacterTab
MW-022 PASS accessible nav 1920x1080-SaveTabExperiencesTab
MW-022 PASS accessible nav 1920x1080-SaveTabPeopleTab
MW-022 PASS accessible nav 1920x1080-SaveTabSaveTab
MW-022 PASS no horizontal host overflow 1920x1080-SaveTab
MW-022 PASS effective >=20 /root/Main/DebugPanel/@ScrollContainer@109/@VBoxContainer@110/@Label@232 font_size actual=20
MW-022 PASS effective >=20 /root/Main/DebugPanel/@ScrollContainer@109/@VBoxContainer@110/@Label@233 font_size actual=20
MW-022 PASS effective >=20 /root/Main/DebugPanel/@ScrollContainer@109/@VBoxContainer@110/@Label@234 font_size actual=20
MW-022 PASS effective >=20 /root/Main/DebugPanel/@ScrollContainer@109/@VBoxContainer@110/@Label@235 font_size actual=20
MW-022 PASS effective >=20 /root/Main/DebugPanel/@ScrollContainer@109/@VBoxContainer@110/@Label@236 font_size actual=20
MW-022 PASS effective >=20 /root/Main/DebugPanel/@ScrollContainer@109/@VBoxContainer@110/@Label@237 font_size actual=20
MW-022 PASS effective >=20 /root/Main/DebugPanel/@ScrollContainer@109/@VBoxContainer@110/@Label@238 font_size actual=20
MW-022 PASS effective >=20 /root/Main/DebugPanel/@ScrollContainer@109/@VBoxContainer@110/@Label@239 font_size actual=20
MW-022 PASS effective >=20 /root/Main/DebugPanel/@ScrollContainer@109/@VBoxContainer@110/@Label@240 font_size actual=20
MW-022 PASS effective >=20 /root/Main/DebugPanel/@ScrollContainer@109/@VBoxContainer@110/@Label@241 font_size actual=20
MW-022 PASS effective >=20 /root/Main/DebugPanel/@ScrollContainer@109/@VBoxContainer@110/@Label@242 font_size actual=20
MW-022 PASS effective >=20 /root/Main/DebugPanel/@ScrollContainer@109/@VBoxContainer@110/@Label@243 font_size actual=20
MW-022 PASS Debug text clear of scrollbar
MW-022 PASS Debug vertical scroll (1920, 1080)
MW-022 PASS effective >=20 /root/Main/Margin/Layout/TopBar/TitleBox/Title font_size actual=28
MW-022 PASS effective >=20 /root/Main/Margin/Layout/TopBar/TitleBox/Subtitle font_size actual=20
MW-022 PASS effective >=20 /root/Main/Margin/Layout/TopBar/DebugToggle font_size actual=20
MW-022 PASS effective >=20 /root/Main/Margin/Layout/TopBar/ExitButton font_size actual=20
MW-022 PASS effective >=20 /root/Main/Margin/Layout/TopBar/ReturnMenuButton font_size actual=20
MW-022 PASS effective >=20 /root/Main/Margin/Layout/HostLayout/NarrativeHost/NarrativeMargin/NarrativeColumn/NarrativeScroll/EntriesCenter/Entries/@VBoxContainer@117/@HBoxContainer@113/@Label@111 font_size actual=20
MW-022 PASS effective >=20 /root/Main/Margin/Layout/HostLayout/NarrativeHost/NarrativeMargin/NarrativeColumn/NarrativeScroll/EntriesCenter/Entries/@VBoxContainer@117/@HBoxContainer@113/@Label@112 font_size actual=20
MW-022 PASS effective >=20 /root/Main/Margin/Layout/HostLayout/NarrativeHost/NarrativeMargin/NarrativeColumn/NarrativeScroll/EntriesCenter/Entries/@VBoxContainer@117/@RichTextLabel@116 normal_font_size actual=20
MW-022 PASS effective >=20 /root/Main/Margin/Layout/HostLayout/NarrativeHost/NarrativeMargin/NarrativeColumn/NarrativeScroll/EntriesCenter/Entries/@VBoxContainer@117/@RichTextLabel@116 bold_font_size actual=20
MW-022 PASS effective >=20 /root/Main/Margin/Layout/HostLayout/NarrativeHost/NarrativeMargin/NarrativeColumn/NarrativeScroll/EntriesCenter/Entries/@VBoxContainer@117/@RichTextLabel@116 italics_font_size actual=20
MW-022 PASS effective >=20 /root/Main/Margin/Layout/HostLayout/NarrativeHost/NarrativeMargin/NarrativeColumn/NarrativeScroll/EntriesCenter/Entries/@VBoxContainer@117/@RichTextLabel@116 bold_italics_font_size actual=20
MW-022 PASS effective >=20 /root/Main/Margin/Layout/HostLayout/NarrativeHost/NarrativeMargin/NarrativeColumn/NarrativeScroll/EntriesCenter/Entries/@VBoxContainer@117/@RichTextLabel@116 mono_font_size actual=20
MW-022 PASS effective >=20 /root/Main/Margin/Layout/HostLayout/NarrativeHost/NarrativeMargin/NarrativeColumn/NarrativeScroll/EntriesCenter/Entries/@VBoxContainer@161/@Label@157 font_size actual=20
MW-022 PASS effective >=20 /root/Main/Margin/Layout/HostLayout/NarrativeHost/NarrativeMargin/NarrativeColumn/NarrativeScroll/EntriesCenter/Entries/@VBoxContainer@161/@RichTextLabel@160 normal_font_size actual=20
MW-022 PASS effective >=20 /root/Main/Margin/Layout/HostLayout/NarrativeHost/NarrativeMargin/NarrativeColumn/NarrativeScroll/EntriesCenter/Entries/@VBoxContainer@161/@RichTextLabel@160 bold_font_size actual=20
MW-022 PASS effective >=20 /root/Main/Margin/Layout/HostLayout/NarrativeHost/NarrativeMargin/NarrativeColumn/NarrativeScroll/EntriesCenter/Entries/@VBoxContainer@161/@RichTextLabel@160 italics_font_size actual=20
MW-022 PASS effective >=20 /root/Main/Margin/Layout/HostLayout/NarrativeHost/NarrativeMargin/NarrativeColumn/NarrativeScroll/EntriesCenter/Entries/@VBoxContainer@161/@RichTextLabel@160 bold_italics_font_size actual=20
MW-022 PASS effective >=20 /root/Main/Margin/Layout/HostLayout/NarrativeHost/NarrativeMargin/NarrativeColumn/NarrativeScroll/EntriesCenter/Entries/@VBoxContainer@161/@RichTextLabel@160 mono_font_size actual=20
MW-022 PASS effective >=20 /root/Main/Margin/Layout/HostLayout/NarrativeHost/NarrativeMargin/NarrativeColumn/NarrativeScroll/EntriesCenter/Entries/@VBoxContainer@168/@HBoxContainer@164/@Label@162 font_size actual=20
MW-022 PASS effective >=20 /root/Main/Margin/Layout/HostLayout/NarrativeHost/NarrativeMargin/NarrativeColumn/NarrativeScroll/EntriesCenter/Entries/@VBoxContainer@168/@HBoxContainer@164/@Label@163 font_size actual=20
MW-022 PASS effective >=20 /root/Main/Margin/Layout/HostLayout/NarrativeHost/NarrativeMargin/NarrativeColumn/NarrativeScroll/EntriesCenter/Entries/@VBoxContainer@168/@RichTextLabel@167 normal_font_size actual=20
MW-022 PASS effective >=20 /root/Main/Margin/Layout/HostLayout/NarrativeHost/NarrativeMargin/NarrativeColumn/NarrativeScroll/EntriesCenter/Entries/@VBoxContainer@168/@RichTextLabel@167 bold_font_size actual=20
MW-022 PASS effective >=20 /root/Main/Margin/Layout/HostLayout/NarrativeHost/NarrativeMargin/NarrativeColumn/NarrativeScroll/EntriesCenter/Entries/@VBoxContainer@168/@RichTextLabel@167 italics_font_size actual=20
MW-022 PASS effective >=20 /root/Main/Margin/Layout/HostLayout/NarrativeHost/NarrativeMargin/NarrativeColumn/NarrativeScroll/EntriesCenter/Entries/@VBoxContainer@168/@RichTextLabel@167 bold_italics_font_size actual=20
MW-022 PASS effective >=20 /root/Main/Margin/Layout/HostLayout/NarrativeHost/NarrativeMargin/NarrativeColumn/NarrativeScroll/EntriesCenter/Entries/@VBoxContainer@168/@RichTextLabel@167 mono_font_size actual=20
MW-022 PASS effective >=20 /root/Main/Margin/Layout/HostLayout/NarrativeHost/NarrativeMargin/NarrativeColumn/NarrativeScroll/EntriesCenter/Entries/MechanicCard_font/@VBoxContainer@244/@Label@245 font_size actual=20
MW-022 PASS effective >=20 /root/Main/Margin/Layout/HostLayout/NarrativeHost/NarrativeMargin/NarrativeColumn/NarrativeScroll/EntriesCenter/Entries/MechanicCard_font/@VBoxContainer@244/@Label@246 font_size actual=20
MW-022 PASS effective >=20 /root/Main/Margin/Layout/HostLayout/NarrativeHost/NarrativeMargin/NarrativeColumn/NarrativeScroll/EntriesCenter/Entries/MechanicCard_font/@VBoxContainer@244/@Label@247 font_size actual=20
MW-022 PASS effective >=20 /root/Main/Margin/Layout/HostLayout/NarrativeHost/NarrativeMargin/NarrativeColumn/NarrativeScroll/EntriesCenter/Entries/MechanicCard_font/@VBoxContainer@244/@Label@248 font_size actual=20
MW-022 PASS effective >=20 /root/Main/Margin/Layout/HostLayout/NarrativeHost/NarrativeMargin/NarrativeColumn/ActionStatusPanel/ActionStatusRow/ActionStatusLabel font_size actual=20
MW-022 PASS effective >=20 /root/Main/Margin/Layout/HostLayout/NarrativeHost/NarrativeMargin/NarrativeColumn/ErrorLabel font_size actual=20
MW-022 PASS effective >=20 /root/Main/Margin/Layout/HostLayout/NarrativeHost/NarrativeMargin/NarrativeColumn/RecommendationArea/RecommendationHeading font_size actual=20
MW-022 PASS effective >=20 /root/Main/Margin/Layout/HostLayout/NarrativeHost/NarrativeMargin/NarrativeColumn/RecommendationArea/RecommendationScroll/RecommendationGrid/@Button@203 font_size actual=20
MW-022 PASS effective >=20 /root/Main/Margin/Layout/HostLayout/NarrativeHost/NarrativeMargin/NarrativeColumn/RecommendationArea/RecommendationScroll/RecommendationGrid/@Button@204 font_size actual=20
MW-022 PASS effective >=20 /root/Main/Margin/Layout/HostLayout/NarrativeHost/NarrativeMargin/NarrativeColumn/RecommendationArea/RecommendationScroll/RecommendationGrid/@Button@205 font_size actual=20
MW-022 PASS effective >=20 /root/Main/Margin/Layout/HostLayout/NarrativeHost/NarrativeMargin/NarrativeColumn/RecommendationArea/RecommendationScroll/RecommendationGrid/@Button@206 font_size actual=20
MW-022 PASS effective >=20 /root/Main/Margin/Layout/HostLayout/NarrativeHost/NarrativeMargin/NarrativeColumn/RecommendationArea/RecommendationScroll/RecommendationGrid/@Button@207 font_size actual=20
MW-022 PASS effective >=20 /root/Main/Margin/Layout/HostLayout/NarrativeHost/NarrativeMargin/NarrativeColumn/ComposerRow/PlayerInput font_size actual=20
MW-022 PASS effective >=20 /root/Main/Margin/Layout/HostLayout/NarrativeHost/NarrativeMargin/NarrativeColumn/ComposerRow/ComposerButtons/SendButton font_size actual=20
MW-022 PASS effective >=20 /root/Main/Margin/Layout/HostLayout/NarrativeHost/NarrativeMargin/NarrativeColumn/ComposerRow/ComposerButtons/CancelButton font_size actual=20
MW-022 PASS effective >=20 /root/Main/Margin/Layout/HostLayout/NarrativeHost/NarrativeMargin/NarrativeColumn/TurnFooter/RegenerateButton font_size actual=20
MW-022 PASS effective >=20 /root/Main/Margin/Layout/HostLayout/WorldSurfaceHost/WorldPanelMargin/WorldPanelColumn/WorldHeader font_size actual=20
MW-022 PASS effective >=20 /root/Main/Margin/Layout/HostLayout/WorldSurfaceHost/WorldPanelMargin/WorldPanelColumn/WorldNav/OverviewTab font_size actual=20
MW-022 PASS effective >=20 /root/Main/Margin/Layout/HostLayout/WorldSurfaceHost/WorldPanelMargin/WorldPanelColumn/WorldNav/CharacterTab font_size actual=20
MW-022 PASS effective >=20 /root/Main/Margin/Layout/HostLayout/WorldSurfaceHost/WorldPanelMargin/WorldPanelColumn/WorldNav/ExperiencesTab font_size actual=20
MW-022 PASS effective >=20 /root/Main/Margin/Layout/HostLayout/WorldSurfaceHost/WorldPanelMargin/WorldPanelColumn/WorldNav/PeopleTab font_size actual=20
MW-022 PASS effective >=20 /root/Main/Margin/Layout/HostLayout/WorldSurfaceHost/WorldPanelMargin/WorldPanelColumn/WorldNav/SaveTab font_size actual=20
MW-022 PASS effective >=20 /root/Main/Margin/Layout/HostLayout/WorldSurfaceHost/WorldPanelMargin/WorldPanelColumn/WorldSurfaceScroll/WorldSurfaceColumn/@VBoxContainer@134/@Label@178 font_size actual=20
MW-022 PASS effective >=20 /root/Main/Margin/Layout/HostLayout/WorldSurfaceHost/WorldPanelMargin/WorldPanelColumn/WorldSurfaceScroll/WorldSurfaceColumn/@VBoxContainer@134/@Label@179 font_size actual=20
MW-022 PASS effective >=20 /root/Main/Margin/Layout/HostLayout/WorldSurfaceHost/WorldPanelMargin/WorldPanelColumn/WorldSurfaceScroll/WorldSurfaceColumn/@VBoxContainer@134/@Label@180 font_size actual=20
MW-022 PASS effective >=20 /root/Main/Margin/Layout/HostLayout/WorldSurfaceHost/WorldPanelMargin/WorldPanelColumn/WorldSurfaceScroll/WorldSurfaceColumn/@VBoxContainer@134/@Label@181 font_size actual=20
MW-022 PASS effective >=20 /root/Main/Margin/Layout/BottomBar/StatusLabel font_size actual=20
MW-022 PASS recommendation exact editable draft
MW-022 PASS presentation zero durable mutation or Provider calls
MW-022 PASS effective dialog font LoadConfirmation
MW-022 PASS effective dialog font LoadConfirmation
MW-022 PASS effective dialog font LoadConfirmation
MW-022 PASS effective dialog font RecoverConfirmation
MW-022 PASS effective dialog font RecoverConfirmation
MW-022 PASS effective dialog font RecoverConfirmation
MW-022 PASS effective dialog font DatabaseRecoveryConfirmation
MW-022 PASS effective dialog font DatabaseRecoveryConfirmation
MW-022 PASS effective dialog font DatabaseRecoveryConfirmation
MW-022 PASS Save dropdown effective font
[shell] session=absent close_status=ready
MW-023 checks=949 failures=0 font_samples=789
